/*
MySQL Data Transfer
Source Host: localhost
Source Database: test
Target Host: localhost
Target Database: test
Date: 2009/5/17 21:52:25
*/

SET FOREIGN_KEY_CHECKS=0;
-- ----------------------------
-- Table structure for classes
-- ----------------------------
DROP TABLE IF EXISTS `classes`;
CREATE TABLE `classes` (
  `cid` int(11) NOT NULL auto_increment,
  `cname` varchar(20) collate utf8_unicode_ci NOT NULL,
  PRIMARY KEY  (`cid`)
) ENGINE=InnoDB DEFAULT CHARSET=utf8 COLLATE=utf8_unicode_ci;

-- ----------------------------
-- Table structure for hb
-- ----------------------------
DROP TABLE IF EXISTS `hb`;
CREATE TABLE `hb` (
  `uid` int(11) NOT NULL,
  `uname` varchar(20) character set gbk NOT NULL,
  `upass` varchar(20) collate utf8_unicode_ci NOT NULL,
  PRIMARY KEY  (`uid`)
) ENGINE=InnoDB DEFAULT CHARSET=utf8 COLLATE=utf8_unicode_ci;

-- ----------------------------
-- Table structure for idcard
-- ----------------------------
DROP TABLE IF EXISTS `idcard`;
CREATE TABLE `idcard` (
  `id` int(11) NOT NULL auto_increment,
  `cardno` varchar(32) NOT NULL,
  `Person_ID` int(11) NOT NULL,
  PRIMARY KEY  (`id`),
  KEY `sdf` (`Person_ID`),
  CONSTRAINT `sdf` FOREIGN KEY (`Person_ID`) REFERENCES `person` (`personid`)
) ENGINE=InnoDB DEFAULT CHARSET=gbk;

-- ----------------------------
-- Table structure for person
-- ----------------------------
DROP TABLE IF EXISTS `person`;
CREATE TABLE `person` (
  `personid` int(11) NOT NULL auto_increment,
  `PersonName` varchar(20) NOT NULL,
  `sex` int(11) NOT NULL,
  `age` int(11) NOT NULL,
  `birthday` varchar(50) NOT NULL,
  PRIMARY KEY  (`personid`)
) ENGINE=InnoDB DEFAULT CHARSET=gbk;

-- ----------------------------
-- Table structure for photo
-- ----------------------------
DROP TABLE IF EXISTS `photo`;
CREATE TABLE `photo` (
  `pid` int(11) NOT NULL auto_increment,
  `pname` varchar(20) collate utf8_unicode_ci NOT NULL,
  `photo` blob,
  PRIMARY KEY  (`pid`)
) ENGINE=InnoDB DEFAULT CHARSET=utf8 COLLATE=utf8_unicode_ci;

-- ----------------------------
-- Table structure for s_table
-- ----------------------------
DROP TABLE IF EXISTS `s_table`;
CREATE TABLE `s_table` (
  `sid` int(11) NOT NULL auto_increment,
  `sname` varchar(20) collate utf8_unicode_ci NOT NULL,
  PRIMARY KEY  (`sid`)
) ENGINE=InnoDB DEFAULT CHARSET=utf8 COLLATE=utf8_unicode_ci;

-- ----------------------------
-- Table structure for stu
-- ----------------------------
DROP TABLE IF EXISTS `stu`;
CREATE TABLE `stu` (
  `sid` int(11) NOT NULL auto_increment,
  `sname` varchar(20) collate utf8_unicode_ci NOT NULL,
  `cid` int(11) NOT NULL,
  PRIMARY KEY  (`sid`),
  KEY `cs` (`cid`),
  CONSTRAINT `cs` FOREIGN KEY (`cid`) REFERENCES `classes` (`cid`)
) ENGINE=InnoDB DEFAULT CHARSET=utf8 COLLATE=utf8_unicode_ci;

-- ----------------------------
-- Table structure for student
-- ----------------------------
DROP TABLE IF EXISTS `student`;
CREATE TABLE `student` (
  `studentid` int(11) NOT NULL auto_increment,
  `studentName` varchar(32) NOT NULL,
  PRIMARY KEY  (`studentid`)
) ENGINE=InnoDB DEFAULT CHARSET=gbk;

-- ----------------------------
-- Table structure for t_table
-- ----------------------------
DROP TABLE IF EXISTS `t_table`;
CREATE TABLE `t_table` (
  `tid` int(11) NOT NULL auto_increment,
  `tname` varchar(20) collate utf8_unicode_ci NOT NULL,
  PRIMARY KEY  (`tid`),
  CONSTRAINT `id` FOREIGN KEY (`tid`) REFERENCES `s_table` (`sid`)
) ENGINE=InnoDB DEFAULT CHARSET=utf8 COLLATE=utf8_unicode_ci;

-- ----------------------------
-- Table structure for teacher
-- ----------------------------
DROP TABLE IF EXISTS `teacher`;
CREATE TABLE `teacher` (
  `teacherid` int(11) NOT NULL auto_increment,
  `teacherName` varchar(32) NOT NULL,
  PRIMARY KEY  (`teacherid`)
) ENGINE=InnoDB DEFAULT CHARSET=gbk;

-- ----------------------------
-- Table structure for teacher_student
-- ----------------------------
DROP TABLE IF EXISTS `teacher_student`;
CREATE TABLE `teacher_student` (
  `Student_ID` int(11) NOT NULL,
  `Teacher_ID` int(11) NOT NULL,
  KEY `tid` (`Teacher_ID`),
  KEY `sid` (`Student_ID`),
  CONSTRAINT `sid` FOREIGN KEY (`Student_ID`) REFERENCES `student` (`studentid`),
  CONSTRAINT `tid` FOREIGN KEY (`Teacher_ID`) REFERENCES `teacher` (`teacherid`)
) ENGINE=InnoDB DEFAULT CHARSET=gbk;

-- ----------------------------
-- Table structure for tp
-- ----------------------------
DROP TABLE IF EXISTS `tp`;
CREATE TABLE `tp` (
  `pid` int(11) NOT NULL auto_increment,
  `pname` varchar(10) NOT NULL,
  `price` float NOT NULL,
  PRIMARY KEY  (`pid`)
) ENGINE=InnoDB DEFAULT CHARSET=gbk;

-- ----------------------------
-- Table structure for users
-- ----------------------------
DROP TABLE IF EXISTS `users`;
CREATE TABLE `users` (
  `uid` int(11) NOT NULL auto_increment,
  `uname` varchar(20) collate utf8_unicode_ci NOT NULL,
  `upass` varchar(20) collate utf8_unicode_ci NOT NULL,
  PRIMARY KEY  (`uid`)
) ENGINE=InnoDB DEFAULT CHARSET=utf8 COLLATE=utf8_unicode_ci;

-- ----------------------------
-- Procedure structure for AddPerson
-- ----------------------------
DROP PROCEDURE IF EXISTS `AddPerson`;
DELIMITER ;;
CREATE DEFINER=`root`@`localhost` PROCEDURE `AddPerson`()
BEGIN
INSERT into person values( null,'pro',1,25,'1980');
END;;
DELIMITER ;

-- ----------------------------
-- Procedure structure for GetPersonList
-- ----------------------------
DROP PROCEDURE IF EXISTS `GetPersonList`;
DELIMITER ;;
CREATE DEFINER=`root`@`localhost` PROCEDURE `GetPersonList`()
BEGIN
select * from person;
END;;
DELIMITER ;

-- ----------------------------
-- Procedure structure for GetPersonName
-- ----------------------------
DROP PROCEDURE IF EXISTS `GetPersonName`;
DELIMITER ;;
CREATE DEFINER=`root`@`localhost` PROCEDURE `GetPersonName`(IN Pid INTEGER(11))
BEGIN
select * from person where `personid`=Pid;
 END;;
DELIMITER ;

-- ----------------------------
-- Procedure structure for GetPersonPartProperties
-- ----------------------------
DROP PROCEDURE IF EXISTS `GetPersonPartProperties`;
DELIMITER ;;
CREATE DEFINER=`root`@`localhost` PROCEDURE `GetPersonPartProperties`()
BEGIN
SELECT personid, personname from person;
END;;
DELIMITER ;

-- ----------------------------
-- Records 
-- ----------------------------
INSERT INTO `classes` VALUES ('1', '计算机061班');
INSERT INTO `classes` VALUES ('5', '200644401');
INSERT INTO `classes` VALUES ('6', '200644401');
INSERT INTO `classes` VALUES ('7', '200644401');
INSERT INTO `classes` VALUES ('8', '200644402');
INSERT INTO `hb` VALUES ('1', '?', '1');
INSERT INTO `hb` VALUES ('2', '2?', '2');
INSERT INTO `person` VALUES ('40', 'pro', '1', '25', '1980');
INSERT INTO `person` VALUES ('41', 'pro', '1', '25', '1980');
INSERT INTO `person` VALUES ('42', 'pro', '1', '25', '1980');
INSERT INTO `person` VALUES ('43', 'pro', '1', '25', '1980');
INSERT INTO `person` VALUES ('44', 'pro', '1', '25', '1980');
INSERT INTO `person` VALUES ('45', 'pro', '1', '25', '1980');
INSERT INTO `person` VALUES ('46', 'pro', '1', '25', '1980');
INSERT INTO `person` VALUES ('47', 'pro', '1', '25', '1980');
INSERT INTO `person` VALUES ('48', 'pro', '1', '25', '1980');
INSERT INTO `person` VALUES ('49', 'pro', '1', '25', '1980');
INSERT INTO `person` VALUES ('50', 'pro', '1', '25', '1980');
INSERT INTO `person` VALUES ('51', 'pro', '1', '25', '1980');
INSERT INTO `person` VALUES ('52', 'pro', '1', '25', '1980');
INSERT INTO `person` VALUES ('53', 'pro', '1', '25', '1980');
INSERT INTO `person` VALUES ('54', 'pro', '1', '25', '1980');
INSERT INTO `person` VALUES ('55', 'pro', '1', '25', '1980');
INSERT INTO `person` VALUES ('56', 'pro', '1', '25', '1980');
INSERT INTO `person` VALUES ('57', 'pro', '1', '25', '1980');
INSERT INTO `person` VALUES ('58', 'pro', '1', '25', '1980');
INSERT INTO `person` VALUES ('59', 'pro', '1', '25', '1980');
INSERT INTO `person` VALUES ('60', 'pro', '1', '25', '1980');
INSERT INTO `person` VALUES ('61', 'pro', '1', '25', '1980');
INSERT INTO `person` VALUES ('62', 'pro', '1', '25', '1980');
INSERT INTO `person` VALUES ('63', 'pro', '1', '25', '1980');
INSERT INTO `person` VALUES ('64', 'pro', '1', '25', '1980');
INSERT INTO `person` VALUES ('65', 'pro', '1', '25', '1980');
INSERT INTO `person` VALUES ('66', 'pro', '1', '25', '1980');
INSERT INTO `person` VALUES ('67', 'pro', '1', '25', '1980');
INSERT INTO `person` VALUES ('68', 'pro', '1', '25', '1980');
INSERT INTO `person` VALUES ('69', 'pro', '1', '25', '1980');
INSERT INTO `person` VALUES ('70', 'pro', '1', '25', '1980');
INSERT INTO `person` VALUES ('71', 'pro', '1', '25', '1980');
INSERT INTO `person` VALUES ('72', 'pro', '1', '25', '1980');
INSERT INTO `person` VALUES ('73', 'pro', '1', '25', '1980');
INSERT INTO `person` VALUES ('74', 'pro', '1', '25', '1980');
INSERT INTO `person` VALUES ('75', 'pro', '1', '25', '1980');
INSERT INTO `person` VALUES ('76', 'pro', '1', '25', '1980');
INSERT INTO `person` VALUES ('77', 'pro', '1', '25', '1980');
INSERT INTO `person` VALUES ('78', 'pro', '1', '25', '1980');
INSERT INTO `person` VALUES ('79', 'pro', '1', '25', '1980');
INSERT INTO `person` VALUES ('80', 'pro', '1', '25', '1980');
INSERT INTO `person` VALUES ('81', 'pro', '1', '25', '1980');
INSERT INTO `person` VALUES ('82', 'pro', '1', '25', '1980');
INSERT INTO `person` VALUES ('83', 'pro', '1', '25', '1980');
INSERT INTO `person` VALUES ('84', 'pro', '1', '25', '1980');
INSERT INTO `person` VALUES ('85', 'pro', '1', '25', '1980');
INSERT INTO `photo` VALUES ('1', 'mz', 0xFFD8FFE000104A46494600010101006000600000FFDB0043000302020302020303030304030304050805050404050A070706080C0A0C0C0B0A0B0B0D0E12100D0E110E0B0B1016101113141515150C0F171816141812141514FFDB00430103040405040509050509140D0B0D1414141414141414141414141414141414141414141414141414141414141414141414141414141414141414141414141414FFC0001108006E007803012200021101031101FFC4001F0000010501010101010100000000000000000102030405060708090A0BFFC400B5100002010303020403050504040000017D01020300041105122131410613516107227114328191A1082342B1C11552D1F02433627282090A161718191A25262728292A3435363738393A434445464748494A535455565758595A636465666768696A737475767778797A838485868788898A92939495969798999AA2A3A4A5A6A7A8A9AAB2B3B4B5B6B7B8B9BAC2C3C4C5C6C7C8C9CAD2D3D4D5D6D7D8D9DAE1E2E3E4E5E6E7E8E9EAF1F2F3F4F5F6F7F8F9FAFFC4001F0100030101010101010101010000000000000102030405060708090A0BFFC400B51100020102040403040705040400010277000102031104052131061241510761711322328108144291A1B1C109233352F0156272D10A162434E125F11718191A262728292A35363738393A434445464748494A535455565758595A636465666768696A737475767778797A82838485868788898A92939495969798999AA2A3A4A5A6A7A8A9AAB2B3B4B5B6B7B8B9BAC2C3C4C5C6C7C8C9CAD2D3D4D5D6D7D8D9DAE2E3E4E5E6E7E8E9EAF2F3F4F5F6F7F8F9FAFFDA000C03010002110311003F00FD53AF3DF1BFC62D3FC2903FD8ED5F56B85070236D91E7FDEC1CFE031EF543E287C46874CD457438A500E01B920F2723213E98C13EB903D4579A78EFC45A6CFA51F2F687DBC9F5AF4B0D85E76A535A32E56A6B5DD9C97887F6D3F17E9B772471687A340AA7859D25738F7224159BA5FEDFBAED8DDAFF006D786F4DBCB6CFCC2C1E481C0F51B99C1FD2BE7BF881AB46DABCBE5B023BD79B6ABAB601E6BED2396E125057A7F99C2EA49BBDCFD59F841FB457837E344662D16F8DBEAC8BBA5D2EF0049D463920670E3DD49FC2BD3EBF0C61F19EA1E19D5ED754D2AF65B0D46D2412C17303ED78D87420D7EAE7EC89FB4543FB44FC335BFB8F2E2F11E98EB69AA4118C02F8CACAA3B2B8C9F621876AF9ACCB2BFAA2F6B4B58FE46D09F368CF72A28A2BE78D428A28A0028A28A0028A28A0028A28A00FCF6F1EF8AEFF0054F185FEA38BD73348D2620B62EBF312783B87A81F8572FAB788F51BF80C66DF5AE46329A697FF00D9C555F8951C1A3F89EF2DAF7EC114EA76B0BA173BF2BF29CF97C755AF3DBED4F4719DF2F87BFE07FDA3FD057E9787A71F650B2E88E6C64A5F59A9EAFA74E9F816B52F0BCB77233BDAF89DD9B925342DDFFB5AB9CBFF00878F3E7FD03C6A7FEB9F85B77FEDC556BFD53C3DCEF97C23FF006D3FB63FF6515CEDF6A7E1424EF97C07FF006D3FB7FF00F6515D9EF79FDC725D966FFE123CF9FF00896FC433FF005CFC17BBFF006EABDEFF00E09EB69A8FC39FDA10E98963E2D86C35EB09ADE7FEDBF0E1B084344A6646DFE73FCC3632818E779E7B1F972F751F051CEE93E1B7FC0FFE126FE95EE1FF0004FAD2F43D7BF6AEF0FDDE8B6FE0F9DF4AB4BDBB964D07FB6BCE851ADDE1DDFE98447826655E727E6E0771C78DBBC2D452BDACFA1A41BE647EB8515E05FB56FECF7AD7C7A4F09269DA8C3FD9BA54B79F6FD16EEE45B4578B3DB98926591ADEE512588EED8C6066025728F1B004F3BF11FF0065DD63C77AD7852F35BB2D33E2069161E128F40BAD07C4DE20BB85A0BC59A195AFA2BD8AD99E496411F972388A1675519C8628BF9A1E81EB9A37C67B2D4FE315F7C36B9D0359D235CB7D2DF5A8AE2F05B35B5D59ADC0B712C6D14EEC3739C857556C03B829C03D9596A97375ABEA5672E917B676F69E5793A84EF0182F772E5BCA092348361F95BCC44E4FCBB8735E37FF000AE7E20FFC351FFC2C9FECDF0CFF0061FF0060FF00C231F67FEDBB8FB4FD9FEDDF68FB56DFB1EDF33671E4EEC67FE5AE39AAFE05F83DA8F817E2B7C6CF14EBDA268127827C651453369BA5F9D793B2C11C892092D05A812B5C096591D54BB6F62B894B96A00F7DA2BE15FD8BBF67BF11DBF80F59BED7F43FEC6B3BEF0BDDF85EF7C27A825E69B26AF70F757130B9BB630A14C433A4092C6272119B0CA50C75D9787FF64FF1AE9FF03FE267C3FB7B9F0CF85FFB6ED6CEDF46D474AC3DEB244A3CDB7D42E61B4B4F3E37DA54398D9C2DC4DBFCCE8C01F5C515E57FB39FC2CBFF00841E07BED12FFF0077E76A93DF436D1EA8B7B05BACA1199210967689047E6798C2148B6A96620FCD85F54A0028A28A00F873F6E5F83B776B74DE2CD2EDDE5B69897982293B5CF2E3F1C6E1F56F4AF81B57D5FEF7CD5FBA1ABE9167AF69D3D86A16E977673AEC922906430FE9F5ED5F03FED17FF04E2D4754BBBAD63E1CDDC323484BB69774E2324F3F75BA7A7A7D2BEC32BCD29C20A85776B6CC5563ED7DE5BFE67E796ADAB6777CD5C7EA9AA673CD7B0F8BBF652F8D9A1DD4B04BF0C7C4F7450E37D86992DD237D0C6AD9AC9F0D7EC53F1E3C7BA8476B63F0CB5FB0DEC019B59B53A7C483D4B4FB38FA64D7D5FD62825CCE6ADEA8E2E596D63C2750D4324F35FB0FFF0004B2FD986FBE0FFC33BEF1CF892D1ECFC49E2C48CC16D321592DAC57E640C0F42E4EF2303809583FB25FFC12BB48F865AB5878B7E28DDDAF8A3C416CCB3DB68D6CA5AC6DA40010CE5B066653920602E40E0D7E810000000C01D857C8E6D9A42BC7EAF41DD757FA237A70B6AC5A28A2BE48DC28A28A0028A28A0028A28A0028A28A0028AAFA86A16DA5594D79793C76D6B0A9792595B0AA07726BC3BC51F1F751D5677B7F0B5BC76966381A8DE26E793DD23EC3DDBF215518B93B213763DE68AF94E7D77C4B7EE5EE7C5BAB6E3CFEE2E4C03F24C0AB9A7F89BC63A4B896CBC4B7B381FF002CEFC8B846FAEEE7F235BBC3D44AF6279D1F50515E4DE08F8E70EA3791699E25823D2AFA42122BB8DBFD1A66F4C9E50FB1E3DFB57ACD73B4D68CBDC28A28A40145145001451450014514500145145007CC1F1F3E250D6FC41268B14A7FB234E9363A03C5C5C0EA4FAAA74FAE7DABCCD7C50A3A3015E7FE21D7E7BFD7BECA8C649800CFCE72EDF313F8E4574DA778035ABBB0FB6790C2DF9CCF2BAC51020648DEE42FEB5F5186C3C28D2539BB5CE29CDCA564769E18BE6D6F524814EEE7A0AADF1A3E345BFC34F12DA783340B18355F13346B2DDCF7037C36AA470A17A337D7D3DEA0F8492DB5878BECD24D4B4A95BED080C716A76F237DE1D95CD79CF8BBC2377AD7ED57E349171296910AB3C8A9B576818F988C0E2B2AD152AD185FDDB5C71768B7D4F55F096A37BE3DB6FECFD62DED9EE2E4F971CF6F108CA39FBB90BC119C0E99F7AF5FFD98FE2CBF8CF49BAD02FE733DFE983F71339CB4B083B707D4A9C0FA11EF5F3C78EBE2BF877E06F862748350B4D63C61346D1D9E9D6332CEB0B9CAEF959491C7603D739E3071BF633D6AEF48F14E8AF73216B99AF0452E4F51302B8FFBEB9AE2C45353529C168ADA9A4256B267E89D15E05F1FBF6D1F04FECE7E31B3F0DF8934BD7EFAFAEAC13514934AB78248846D2491804BCC8776626E318C11CFA7B2782FC5569E3AF07685E24B08E686C759B08351B78EE542CAB1CB1AC8A1C024060186402467B9AF24E83668AF0ABBFDAEFC3965F19A4F86327863C4CDE258F54B7D2C8863B3910F9C8654B80AB7265300894CAEE10F96B8DE118853ED9A8DD4B63A7DD5CC36736A134313489696C504B3B0048442ECA8198F03732AE4F240E6802CD15C27C24F8BDA77C60D3FC417361A5EA7A3CDA16B371A0DF5A6AAB08952EA1086400C32488CA0B8190DC907B609EABC3FAA5CEB3A45BDE5E6917BA0DC49BB769FA83C0F3C586206E30C9247C80186D73C119C1C8001A34514500145145007E7F7C3BF0C58CDE3E9EF354212CD21375333305C451C659F93D38423F1AF9E3E227C4FF10FED0BE2FBCBA9EEA6D3FC236D218B4FD2A0629108D4E14B28E0923F2CD7D7FF001ABC0B3F82BC51A8C5106874DD460B98924404FF00A3CE8C8E063A942D9C7A0F7AF97748F86F7DE190963343B10F31CE9F34732F66461C3035F5D808431528CE6FE156B7F5E563CFAADC134BA9D07C15D074ED0F566BE9A64B486D17CD1249D3702303F3AF19F1EFC4D87E29FED0DABDCB3C6F348ACACF6C088D82B601EA7D6BEA38FC29E15F067C34D5354F1EA347A1CF6EC228199A29AFA5FE1483186241C12C38E319AF917E197C3FB7B4D6AEF5A8AD5ED6299C9892672F205CF1B9BB9F5C002BB1B55F1495357E5EBD10D38C28B52DD9DC45E19B2B597CD588193FBC7AD7BCFECB3A44D7BE3ED24A0253FB460718F48CEF3FA57945B584DA8DCC76F6F1992590E15457DB1FB25FC2D3A25B9D7278FF00770A3416EC47FAC91BFD638F61F747D4FA54E6F5614A87B25BC8CF0E9CA5CDD8E13F6D1FD8BBC6DFB467C52D2FC49E1BD5340B1B1B5D1A2D39E3D56E278E5322CF3C848090B8DB89579CE720F1EBCF78BFF6478BC63F15BE117870E9134ABA6F872D34AF1E6A4BA3BAE9D2C5651DABC5F67BB92388BCB3106032C32195235008554914FDE5457C39E99F28699FB30F8B740FDA6EF7E25697A0F81E0B137F61069C24D46F44BA5E970DA9B39D21B78A18E132CB0EC2A1CB2445768DD9DE3A1F0A7ECEDAC784FE31F887C6F77A2681E2FD5E5D6751D6347F125F6B777677F691DC5A2C51D8C90ADBC88F14653CA5669182239648C1F90FD1D45007817C16F851E36F02E9FF0013EC3C49A1F84F56B1F16EB3AA78812D63D5E79A2692E8228B2995EC803110AC1A5F98E0FF00AA35E37F12BE04F89FC0BFF04FE7F86DAAE830F8A3C57617E9FD93FF0008D5ADCEA8CCCF7BF686980FB3AB40C2292E232D8DBB78DF997657DC345007CA161FB2FEA3AF7C096D0AF34FD33506BEF16C9E2ED2B467BD9B4FB4F0F432333C56D0ACF63287550CC1A09AD113FD2250503282D5BC79FB27F8D7E207C27F865E1FD46E7C336D71E1DFB7C7AC687A1634ED2EFBCF8E48D2E62CDA4D1C53A06DD9FB370F3CCD19888535F5C514018DE0BD2AEF42F07685A6DFCF35D5F59D8416F713DCDD9BB9649123556679CA21958904990A216273B5738056CD140183E33F0669DE39D15F4FD410E33BA2993EFC4FD994FF004EF5F22FC46F817E34F03DC4F3E87AA5F585BB12DF6AD3D98C0FEEE80FC8DEA7F9D7DB149D6B7A55A745DE0C99454B73F2A35FF84DE26F116AE6FB5BBB9BC41723A4F7177E61FC379CD6CE8FF09F57B992383CB8ED94900283BD8FD157AFE75FA5377E12D0F5090C975A369F72E7AB4D6B1B9FCC8A9EC341D334A39B2D3AD2CCFF00D3BC0A9FC857AEB38AF08F2C2297C8E77878B776CF97BE0EFECB72C6D1DDEAD1496568705DA518B89C7A01FC0BF5E7EBD6BEA8B0B1B7D32CE1B4B48560B6850247120C0551D0558A2BC7AB5675A5CF51DD9D118A8AB20A28A2B12828A28A0028A28A0028A28A0028A28A00FFD9);
INSERT INTO `photo` VALUES ('2', 'mz', 0xFFD8FFE000104A46494600010101006000600000FFDB0043000302020302020303030304030304050805050404050A070706080C0A0C0C0B0A0B0B0D0E12100D0E110E0B0B1016101113141515150C0F171816141812141514FFDB00430103040405040509050509140D0B0D1414141414141414141414141414141414141414141414141414141414141414141414141414141414141414141414141414FFC0001108006E007803012200021101031101FFC4001F0000010501010101010100000000000000000102030405060708090A0BFFC400B5100002010303020403050504040000017D01020300041105122131410613516107227114328191A1082342B1C11552D1F02433627282090A161718191A25262728292A3435363738393A434445464748494A535455565758595A636465666768696A737475767778797A838485868788898A92939495969798999AA2A3A4A5A6A7A8A9AAB2B3B4B5B6B7B8B9BAC2C3C4C5C6C7C8C9CAD2D3D4D5D6D7D8D9DAE1E2E3E4E5E6E7E8E9EAF1F2F3F4F5F6F7F8F9FAFFC4001F0100030101010101010101010000000000000102030405060708090A0BFFC400B51100020102040403040705040400010277000102031104052131061241510761711322328108144291A1B1C109233352F0156272D10A162434E125F11718191A262728292A35363738393A434445464748494A535455565758595A636465666768696A737475767778797A82838485868788898A92939495969798999AA2A3A4A5A6A7A8A9AAB2B3B4B5B6B7B8B9BAC2C3C4C5C6C7C8C9CAD2D3D4D5D6D7D8D9DAE2E3E4E5E6E7E8E9EAF2F3F4F5F6F7F8F9FAFFDA000C03010002110311003F00FD53AF3DF1BFC62D3FC2903FD8ED5F56B85070236D91E7FDEC1CFE031EF543E287C46874CD457438A500E01B920F2723213E98C13EB903D4579A78EFC45A6CFA51F2F687DBC9F5AF4B0D85E76A535A32E56A6B5DD9C97887F6D3F17E9B772471687A340AA7859D25738F7224159BA5FEDFBAED8DDAFF006D786F4DBCB6CFCC2C1E481C0F51B99C1FD2BE7BF881AB46DABCBE5B023BD79B6ABAB601E6BED2396E125057A7F99C2EA49BBDCFD59F841FB457837E344662D16F8DBEAC8BBA5D2EF0049D463920670E3DD49FC2BD3EBF0C61F19EA1E19D5ED754D2AF65B0D46D2412C17303ED78D87420D7EAE7EC89FB4543FB44FC335BFB8F2E2F11E98EB69AA4118C02F8CACAA3B2B8C9F621876AF9ACCB2BFAA2F6B4B58FE46D09F368CF72A28A2BE78D428A28A0028A28A0028A28A0028A28A00FCF6F1EF8AEFF0054F185FEA38BD73348D2620B62EBF312783B87A81F8572FAB788F51BF80C66DF5AE46329A697FF00D9C555F8951C1A3F89EF2DAF7EC114EA76B0BA173BF2BF29CF97C755AF3DBED4F4719DF2F87BFE07FDA3FD057E9787A71F650B2E88E6C64A5F59A9EAFA74E9F816B52F0BCB77233BDAF89DD9B925342DDFFB5AB9CBFF00878F3E7FD03C6A7FEB9F85B77FEDC556BFD53C3DCEF97C23FF006D3FB63FF6515CEDF6A7E1424EF97C07FF006D3FB7FF00F6515D9EF79FDC725D966FFE123CF9FF00896FC433FF005CFC17BBFF006EABDEFF00E09EB69A8FC39FDA10E98963E2D86C35EB09ADE7FEDBF0E1B084344A6646DFE73FCC3632818E779E7B1F972F751F051CEE93E1B7FC0FFE126FE95EE1FF0004FAD2F43D7BF6AEF0FDDE8B6FE0F9DF4AB4BDBB964D07FB6BCE851ADDE1DDFE98447826655E727E6E0771C78DBBC2D452BDACFA1A41BE647EB8515E05FB56FECF7AD7C7A4F09269DA8C3FD9BA54B79F6FD16EEE45B4578B3DB98926591ADEE512588EED8C6066025728F1B004F3BF11FF0065DD63C77AD7852F35BB2D33E2069161E128F40BAD07C4DE20BB85A0BC59A195AFA2BD8AD99E496411F972388A1675519C8628BF9A1E81EB9A37C67B2D4FE315F7C36B9D0359D235CB7D2DF5A8AE2F05B35B5D59ADC0B712C6D14EEC3739C857556C03B829C03D9596A97375ABEA5672E917B676F69E5793A84EF0182F772E5BCA092348361F95BCC44E4FCBB8735E37FF000AE7E20FFC351FFC2C9FECDF0CFF0061FF0060FF00C231F67FEDBB8FB4FD9FEDDF68FB56DFB1EDF33671E4EEC67FE5AE39AAFE05F83DA8F817E2B7C6CF14EBDA268127827C651453369BA5F9D793B2C11C892092D05A812B5C096591D54BB6F62B894B96A00F7DA2BE15FD8BBF67BF11DBF80F59BED7F43FEC6B3BEF0BDDF85EF7C27A825E69B26AF70F757130B9BB630A14C433A4092C6272119B0CA50C75D9787FF64FF1AE9FF03FE267C3FB7B9F0CF85FFB6ED6CEDF46D474AC3DEB244A3CDB7D42E61B4B4F3E37DA54398D9C2DC4DBFCCE8C01F5C515E57FB39FC2CBFF00841E07BED12FFF0077E76A93DF436D1EA8B7B05BACA1199210967689047E6798C2148B6A96620FCD85F54A0028A28A00F873F6E5F83B776B74DE2CD2EDDE5B69897982293B5CF2E3F1C6E1F56F4AF81B57D5FEF7CD5FBA1ABE9167AF69D3D86A16E977673AEC922906430FE9F5ED5F03FED17FF04E2D4754BBBAD63E1CDDC323484BB69774E2324F3F75BA7A7A7D2BEC32BCD29C20A85776B6CC5563ED7DE5BFE67E796ADAB6777CD5C7EA9AA673CD7B0F8BBF652F8D9A1DD4B04BF0C7C4F7450E37D86992DD237D0C6AD9AC9F0D7EC53F1E3C7BA8476B63F0CB5FB0DEC019B59B53A7C483D4B4FB38FA64D7D5FD62825CCE6ADEA8E2E596D63C2750D4324F35FB0FFF0004B2FD986FBE0FFC33BEF1CF892D1ECFC49E2C48CC16D321592DAC57E640C0F42E4EF2303809583FB25FFC12BB48F865AB5878B7E28DDDAF8A3C416CCB3DB68D6CA5AC6DA40010CE5B066653920602E40E0D7E810000000C01D857C8E6D9A42BC7EAF41DD757FA237A70B6AC5A28A2BE48DC28A28A0028A28A0028A28A0028A28A0028AAFA86A16DA5594D79793C76D6B0A9792595B0AA07726BC3BC51F1F751D5677B7F0B5BC76966381A8DE26E793DD23EC3DDBF215518B93B213763DE68AF94E7D77C4B7EE5EE7C5BAB6E3CFEE2E4C03F24C0AB9A7F89BC63A4B896CBC4B7B381FF002CEFC8B846FAEEE7F235BBC3D44AF6279D1F50515E4DE08F8E70EA3791699E25823D2AFA42122BB8DBFD1A66F4C9E50FB1E3DFB57ACD73B4D68CBDC28A28A40145145001451450014514500145145007CC1F1F3E250D6FC41268B14A7FB234E9363A03C5C5C0EA4FAAA74FAE7DABCCD7C50A3A3015E7FE21D7E7BFD7BECA8C649800CFCE72EDF313F8E4574DA778035ABBB0FB6790C2DF9CCF2BAC51020648DEE42FEB5F5186C3C28D2539BB5CE29CDCA564769E18BE6D6F524814EEE7A0AADF1A3E345BFC34F12DA783340B18355F13346B2DDCF7037C36AA470A17A337D7D3DEA0F8492DB5878BECD24D4B4A95BED080C716A76F237DE1D95CD79CF8BBC2377AD7ED57E349171296910AB3C8A9B576818F988C0E2B2AD152AD185FDDB5C71768B7D4F55F096A37BE3DB6FECFD62DED9EE2E4F971CF6F108CA39FBB90BC119C0E99F7AF5FFD98FE2CBF8CF49BAD02FE733DFE983F71339CB4B083B707D4A9C0FA11EF5F3C78EBE2BF877E06F862748350B4D63C61346D1D9E9D6332CEB0B9CAEF959491C7603D739E3071BF633D6AEF48F14E8AF73216B99AF0452E4F51302B8FFBEB9AE2C45353529C168ADA9A4256B267E89D15E05F1FBF6D1F04FECE7E31B3F0DF8934BD7EFAFAEAC13514934AB78248846D2491804BCC8776626E318C11CFA7B2782FC5569E3AF07685E24B08E686C759B08351B78EE542CAB1CB1AC8A1C024060186402467B9AF24E83668AF0ABBFDAEFC3965F19A4F86327863C4CDE258F54B7D2C8863B3910F9C8654B80AB7265300894CAEE10F96B8DE118853ED9A8DD4B63A7DD5CC36736A134313489696C504B3B0048442ECA8198F03732AE4F240E6802CD15C27C24F8BDA77C60D3FC417361A5EA7A3CDA16B371A0DF5A6AAB08952EA1086400C32488CA0B8190DC907B609EABC3FAA5CEB3A45BDE5E6917BA0DC49BB769FA83C0F3C586206E30C9247C80186D73C119C1C8001A34514500145145007E7F7C3BF0C58CDE3E9EF354212CD21375333305C451C659F93D38423F1AF9E3E227C4FF10FED0BE2FBCBA9EEA6D3FC236D218B4FD2A0629108D4E14B28E0923F2CD7D7FF001ABC0B3F82BC51A8C5106874DD460B98924404FF00A3CE8C8E063A942D9C7A0F7AF97748F86F7DE190963343B10F31CE9F34732F66461C3035F5D808431528CE6FE156B7F5E563CFAADC134BA9D07C15D074ED0F566BE9A64B486D17CD1249D3702303F3AF19F1EFC4D87E29FED0DABDCB3C6F348ACACF6C088D82B601EA7D6BEA38FC29E15F067C34D5354F1EA347A1CF6EC228199A29AFA5FE1483186241C12C38E319AF917E197C3FB7B4D6AEF5A8AD5ED6299C9892672F205CF1B9BB9F5C002BB1B55F1495357E5EBD10D38C28B52DD9DC45E19B2B597CD588193FBC7AD7BCFECB3A44D7BE3ED24A0253FB460718F48CEF3FA57945B584DA8DCC76F6F1992590E15457DB1FB25FC2D3A25B9D7278FF00770A3416EC47FAC91BFD638F61F747D4FA54E6F5614A87B25BC8CF0E9CA5CDD8E13F6D1FD8BBC6DFB467C52D2FC49E1BD5340B1B1B5D1A2D39E3D56E278E5322CF3C848090B8DB89579CE720F1EBCF78BFF6478BC63F15BE117870E9134ABA6F872D34AF1E6A4BA3BAE9D2C5651DABC5F67BB92388BCB3106032C32195235008554914FDE5457C39E99F28699FB30F8B740FDA6EF7E25697A0F81E0B137F61069C24D46F44BA5E970DA9B39D21B78A18E132CB0EC2A1CB2445768DD9DE3A1F0A7ECEDAC784FE31F887C6F77A2681E2FD5E5D6751D6347F125F6B777677F691DC5A2C51D8C90ADBC88F14653CA5669182239648C1F90FD1D45007817C16F851E36F02E9FF0013EC3C49A1F84F56B1F16EB3AA78812D63D5E79A2692E8228B2995EC803110AC1A5F98E0FF00AA35E37F12BE04F89FC0BFF04FE7F86DAAE830F8A3C57617E9FD93FF0008D5ADCEA8CCCF7BF686980FB3AB40C2292E232D8DBB78DF997657DC345007CA161FB2FEA3AF7C096D0AF34FD33506BEF16C9E2ED2B467BD9B4FB4F0F432333C56D0ACF63287550CC1A09AD113FD2250503282D5BC79FB27F8D7E207C27F865E1FD46E7C336D71E1DFB7C7AC687A1634ED2EFBCF8E48D2E62CDA4D1C53A06DD9FB370F3CCD19888535F5C514018DE0BD2AEF42F07685A6DFCF35D5F59D8416F713DCDD9BB9649123556679CA21958904990A216273B5738056CD140183E33F0669DE39D15F4FD410E33BA2993EFC4FD994FF004EF5F22FC46F817E34F03DC4F3E87AA5F585BB12DF6AD3D98C0FEEE80FC8DEA7F9D7DB149D6B7A55A745DE0C99454B73F2A35FF84DE26F116AE6FB5BBB9BC41723A4F7177E61FC379CD6CE8FF09F57B992383CB8ED94900283BD8FD157AFE75FA5377E12D0F5090C975A369F72E7AB4D6B1B9FCC8A9EC341D334A39B2D3AD2CCFF00D3BC0A9FC857AEB38AF08F2C2297C8E77878B776CF97BE0EFECB72C6D1DDEAD1496568705DA518B89C7A01FC0BF5E7EBD6BEA8B0B1B7D32CE1B4B48560B6850247120C0551D0558A2BC7AB5675A5CF51DD9D118A8AB20A28A2B12828A28A0028A28A0028A28A0028A28A00FFD9);
INSERT INTO `photo` VALUES ('3', 'mz1', 0xFFD8FFE000104A46494600010101006000600000FFDB0043000302020302020303030304030304050805050404050A070706080C0A0C0C0B0A0B0B0D0E12100D0E110E0B0B1016101113141515150C0F171816141812141514FFDB00430103040405040509050509140D0B0D1414141414141414141414141414141414141414141414141414141414141414141414141414141414141414141414141414FFC0001108006E007803012200021101031101FFC4001F0000010501010101010100000000000000000102030405060708090A0BFFC400B5100002010303020403050504040000017D01020300041105122131410613516107227114328191A1082342B1C11552D1F02433627282090A161718191A25262728292A3435363738393A434445464748494A535455565758595A636465666768696A737475767778797A838485868788898A92939495969798999AA2A3A4A5A6A7A8A9AAB2B3B4B5B6B7B8B9BAC2C3C4C5C6C7C8C9CAD2D3D4D5D6D7D8D9DAE1E2E3E4E5E6E7E8E9EAF1F2F3F4F5F6F7F8F9FAFFC4001F0100030101010101010101010000000000000102030405060708090A0BFFC400B51100020102040403040705040400010277000102031104052131061241510761711322328108144291A1B1C109233352F0156272D10A162434E125F11718191A262728292A35363738393A434445464748494A535455565758595A636465666768696A737475767778797A82838485868788898A92939495969798999AA2A3A4A5A6A7A8A9AAB2B3B4B5B6B7B8B9BAC2C3C4C5C6C7C8C9CAD2D3D4D5D6D7D8D9DAE2E3E4E5E6E7E8E9EAF2F3F4F5F6F7F8F9FAFFDA000C03010002110311003F00FD53AF3DF1BFC62D3FC2903FD8ED5F56B85070236D91E7FDEC1CFE031EF543E287C46874CD457438A500E01B920F2723213E98C13EB903D4579A78EFC45A6CFA51F2F687DBC9F5AF4B0D85E76A535A32E56A6B5DD9C97887F6D3F17E9B772471687A340AA7859D25738F7224159BA5FEDFBAED8DDAFF006D786F4DBCB6CFCC2C1E481C0F51B99C1FD2BE7BF881AB46DABCBE5B023BD79B6ABAB601E6BED2396E125057A7F99C2EA49BBDCFD59F841FB457837E344662D16F8DBEAC8BBA5D2EF0049D463920670E3DD49FC2BD3EBF0C61F19EA1E19D5ED754D2AF65B0D46D2412C17303ED78D87420D7EAE7EC89FB4543FB44FC335BFB8F2E2F11E98EB69AA4118C02F8CACAA3B2B8C9F621876AF9ACCB2BFAA2F6B4B58FE46D09F368CF72A28A2BE78D428A28A0028A28A0028A28A0028A28A00FCF6F1EF8AEFF0054F185FEA38BD73348D2620B62EBF312783B87A81F8572FAB788F51BF80C66DF5AE46329A697FF00D9C555F8951C1A3F89EF2DAF7EC114EA76B0BA173BF2BF29CF97C755AF3DBED4F4719DF2F87BFE07FDA3FD057E9787A71F650B2E88E6C64A5F59A9EAFA74E9F816B52F0BCB77233BDAF89DD9B925342DDFFB5AB9CBFF00878F3E7FD03C6A7FEB9F85B77FEDC556BFD53C3DCEF97C23FF006D3FB63FF6515CEDF6A7E1424EF97C07FF006D3FB7FF00F6515D9EF79FDC725D966FFE123CF9FF00896FC433FF005CFC17BBFF006EABDEFF00E09EB69A8FC39FDA10E98963E2D86C35EB09ADE7FEDBF0E1B084344A6646DFE73FCC3632818E779E7B1F972F751F051CEE93E1B7FC0FFE126FE95EE1FF0004FAD2F43D7BF6AEF0FDDE8B6FE0F9DF4AB4BDBB964D07FB6BCE851ADDE1DDFE98447826655E727E6E0771C78DBBC2D452BDACFA1A41BE647EB8515E05FB56FECF7AD7C7A4F09269DA8C3FD9BA54B79F6FD16EEE45B4578B3DB98926591ADEE512588EED8C6066025728F1B004F3BF11FF0065DD63C77AD7852F35BB2D33E2069161E128F40BAD07C4DE20BB85A0BC59A195AFA2BD8AD99E496411F972388A1675519C8628BF9A1E81EB9A37C67B2D4FE315F7C36B9D0359D235CB7D2DF5A8AE2F05B35B5D59ADC0B712C6D14EEC3739C857556C03B829C03D9596A97375ABEA5672E917B676F69E5793A84EF0182F772E5BCA092348361F95BCC44E4FCBB8735E37FF000AE7E20FFC351FFC2C9FECDF0CFF0061FF0060FF00C231F67FEDBB8FB4FD9FEDDF68FB56DFB1EDF33671E4EEC67FE5AE39AAFE05F83DA8F817E2B7C6CF14EBDA268127827C651453369BA5F9D793B2C11C892092D05A812B5C096591D54BB6F62B894B96A00F7DA2BE15FD8BBF67BF11DBF80F59BED7F43FEC6B3BEF0BDDF85EF7C27A825E69B26AF70F757130B9BB630A14C433A4092C6272119B0CA50C75D9787FF64FF1AE9FF03FE267C3FB7B9F0CF85FFB6ED6CEDF46D474AC3DEB244A3CDB7D42E61B4B4F3E37DA54398D9C2DC4DBFCCE8C01F5C515E57FB39FC2CBFF00841E07BED12FFF0077E76A93DF436D1EA8B7B05BACA1199210967689047E6798C2148B6A96620FCD85F54A0028A28A00F873F6E5F83B776B74DE2CD2EDDE5B69897982293B5CF2E3F1C6E1F56F4AF81B57D5FEF7CD5FBA1ABE9167AF69D3D86A16E977673AEC922906430FE9F5ED5F03FED17FF04E2D4754BBBAD63E1CDDC323484BB69774E2324F3F75BA7A7A7D2BEC32BCD29C20A85776B6CC5563ED7DE5BFE67E796ADAB6777CD5C7EA9AA673CD7B0F8BBF652F8D9A1DD4B04BF0C7C4F7450E37D86992DD237D0C6AD9AC9F0D7EC53F1E3C7BA8476B63F0CB5FB0DEC019B59B53A7C483D4B4FB38FA64D7D5FD62825CCE6ADEA8E2E596D63C2750D4324F35FB0FFF0004B2FD986FBE0FFC33BEF1CF892D1ECFC49E2C48CC16D321592DAC57E640C0F42E4EF2303809583FB25FFC12BB48F865AB5878B7E28DDDAF8A3C416CCB3DB68D6CA5AC6DA40010CE5B066653920602E40E0D7E810000000C01D857C8E6D9A42BC7EAF41DD757FA237A70B6AC5A28A2BE48DC28A28A0028A28A0028A28A0028A28A0028AAFA86A16DA5594D79793C76D6B0A9792595B0AA07726BC3BC51F1F751D5677B7F0B5BC76966381A8DE26E793DD23EC3DDBF215518B93B213763DE68AF94E7D77C4B7EE5EE7C5BAB6E3CFEE2E4C03F24C0AB9A7F89BC63A4B896CBC4B7B381FF002CEFC8B846FAEEE7F235BBC3D44AF6279D1F50515E4DE08F8E70EA3791699E25823D2AFA42122BB8DBFD1A66F4C9E50FB1E3DFB57ACD73B4D68CBDC28A28A40145145001451450014514500145145007CC1F1F3E250D6FC41268B14A7FB234E9363A03C5C5C0EA4FAAA74FAE7DABCCD7C50A3A3015E7FE21D7E7BFD7BECA8C649800CFCE72EDF313F8E4574DA778035ABBB0FB6790C2DF9CCF2BAC51020648DEE42FEB5F5186C3C28D2539BB5CE29CDCA564769E18BE6D6F524814EEE7A0AADF1A3E345BFC34F12DA783340B18355F13346B2DDCF7037C36AA470A17A337D7D3DEA0F8492DB5878BECD24D4B4A95BED080C716A76F237DE1D95CD79CF8BBC2377AD7ED57E349171296910AB3C8A9B576818F988C0E2B2AD152AD185FDDB5C71768B7D4F55F096A37BE3DB6FECFD62DED9EE2E4F971CF6F108CA39FBB90BC119C0E99F7AF5FFD98FE2CBF8CF49BAD02FE733DFE983F71339CB4B083B707D4A9C0FA11EF5F3C78EBE2BF877E06F862748350B4D63C61346D1D9E9D6332CEB0B9CAEF959491C7603D739E3071BF633D6AEF48F14E8AF73216B99AF0452E4F51302B8FFBEB9AE2C45353529C168ADA9A4256B267E89D15E05F1FBF6D1F04FECE7E31B3F0DF8934BD7EFAFAEAC13514934AB78248846D2491804BCC8776626E318C11CFA7B2782FC5569E3AF07685E24B08E686C759B08351B78EE542CAB1CB1AC8A1C024060186402467B9AF24E83668AF0ABBFDAEFC3965F19A4F86327863C4CDE258F54B7D2C8863B3910F9C8654B80AB7265300894CAEE10F96B8DE118853ED9A8DD4B63A7DD5CC36736A134313489696C504B3B0048442ECA8198F03732AE4F240E6802CD15C27C24F8BDA77C60D3FC417361A5EA7A3CDA16B371A0DF5A6AAB08952EA1086400C32488CA0B8190DC907B609EABC3FAA5CEB3A45BDE5E6917BA0DC49BB769FA83C0F3C586206E30C9247C80186D73C119C1C8001A34514500145145007E7F7C3BF0C58CDE3E9EF354212CD21375333305C451C659F93D38423F1AF9E3E227C4FF10FED0BE2FBCBA9EEA6D3FC236D218B4FD2A0629108D4E14B28E0923F2CD7D7FF001ABC0B3F82BC51A8C5106874DD460B98924404FF00A3CE8C8E063A942D9C7A0F7AF97748F86F7DE190963343B10F31CE9F34732F66461C3035F5D808431528CE6FE156B7F5E563CFAADC134BA9D07C15D074ED0F566BE9A64B486D17CD1249D3702303F3AF19F1EFC4D87E29FED0DABDCB3C6F348ACACF6C088D82B601EA7D6BEA38FC29E15F067C34D5354F1EA347A1CF6EC228199A29AFA5FE1483186241C12C38E319AF917E197C3FB7B4D6AEF5A8AD5ED6299C9892672F205CF1B9BB9F5C002BB1B55F1495357E5EBD10D38C28B52DD9DC45E19B2B597CD588193FBC7AD7BCFECB3A44D7BE3ED24A0253FB460718F48CEF3FA57945B584DA8DCC76F6F1992590E15457DB1FB25FC2D3A25B9D7278FF00770A3416EC47FAC91BFD638F61F747D4FA54E6F5614A87B25BC8CF0E9CA5CDD8E13F6D1FD8BBC6DFB467C52D2FC49E1BD5340B1B1B5D1A2D39E3D56E278E5322CF3C848090B8DB89579CE720F1EBCF78BFF6478BC63F15BE117870E9134ABA6F872D34AF1E6A4BA3BAE9D2C5651DABC5F67BB92388BCB3106032C32195235008554914FDE5457C39E99F28699FB30F8B740FDA6EF7E25697A0F81E0B137F61069C24D46F44BA5E970DA9B39D21B78A18E132CB0EC2A1CB2445768DD9DE3A1F0A7ECEDAC784FE31F887C6F77A2681E2FD5E5D6751D6347F125F6B777677F691DC5A2C51D8C90ADBC88F14653CA5669182239648C1F90FD1D45007817C16F851E36F02E9FF0013EC3C49A1F84F56B1F16EB3AA78812D63D5E79A2692E8228B2995EC803110AC1A5F98E0FF00AA35E37F12BE04F89FC0BFF04FE7F86DAAE830F8A3C57617E9FD93FF0008D5ADCEA8CCCF7BF686980FB3AB40C2292E232D8DBB78DF997657DC345007CA161FB2FEA3AF7C096D0AF34FD33506BEF16C9E2ED2B467BD9B4FB4F0F432333C56D0ACF63287550CC1A09AD113FD2250503282D5BC79FB27F8D7E207C27F865E1FD46E7C336D71E1DFB7C7AC687A1634ED2EFBCF8E48D2E62CDA4D1C53A06DD9FB370F3CCD19888535F5C514018DE0BD2AEF42F07685A6DFCF35D5F59D8416F713DCDD9BB9649123556679CA21958904990A216273B5738056CD140183E33F0669DE39D15F4FD410E33BA2993EFC4FD994FF004EF5F22FC46F817E34F03DC4F3E87AA5F585BB12DF6AD3D98C0FEEE80FC8DEA7F9D7DB149D6B7A55A745DE0C99454B73F2A35FF84DE26F116AE6FB5BBB9BC41723A4F7177E61FC379CD6CE8FF09F57B992383CB8ED94900283BD8FD157AFE75FA5377E12D0F5090C975A369F72E7AB4D6B1B9FCC8A9EC341D334A39B2D3AD2CCFF00D3BC0A9FC857AEB38AF08F2C2297C8E77878B776CF97BE0EFECB72C6D1DDEAD1496568705DA518B89C7A01FC0BF5E7EBD6BEA8B0B1B7D32CE1B4B48560B6850247120C0551D0558A2BC7AB5675A5CF51DD9D118A8AB20A28A2B12828A28A0028A28A0028A28A0028A28A00FFD9);
INSERT INTO `photo` VALUES ('4', 'f', 0xFFD8FFE000104A46494600010101006000600000FFDB0043000302020302020303030304030304050805050404050A070706080C0A0C0C0B0A0B0B0D0E12100D0E110E0B0B1016101113141515150C0F171816141812141514FFDB00430103040405040509050509140D0B0D1414141414141414141414141414141414141414141414141414141414141414141414141414141414141414141414141414FFC0001108006E007803012200021101031101FFC4001F0000010501010101010100000000000000000102030405060708090A0BFFC400B5100002010303020403050504040000017D01020300041105122131410613516107227114328191A1082342B1C11552D1F02433627282090A161718191A25262728292A3435363738393A434445464748494A535455565758595A636465666768696A737475767778797A838485868788898A92939495969798999AA2A3A4A5A6A7A8A9AAB2B3B4B5B6B7B8B9BAC2C3C4C5C6C7C8C9CAD2D3D4D5D6D7D8D9DAE1E2E3E4E5E6E7E8E9EAF1F2F3F4F5F6F7F8F9FAFFC4001F0100030101010101010101010000000000000102030405060708090A0BFFC400B51100020102040403040705040400010277000102031104052131061241510761711322328108144291A1B1C109233352F0156272D10A162434E125F11718191A262728292A35363738393A434445464748494A535455565758595A636465666768696A737475767778797A82838485868788898A92939495969798999AA2A3A4A5A6A7A8A9AAB2B3B4B5B6B7B8B9BAC2C3C4C5C6C7C8C9CAD2D3D4D5D6D7D8D9DAE2E3E4E5E6E7E8E9EAF2F3F4F5F6F7F8F9FAFFDA000C03010002110311003F00FD53AF3DF1BFC62D3FC2903FD8ED5F56B85070236D91E7FDEC1CFE031EF543E287C46874CD457438A500E01B920F2723213E98C13EB903D4579A78EFC45A6CFA51F2F687DBC9F5AF4B0D85E76A535A32E56A6B5DD9C97887F6D3F17E9B772471687A340AA7859D25738F7224159BA5FEDFBAED8DDAFF006D786F4DBCB6CFCC2C1E481C0F51B99C1FD2BE7BF881AB46DABCBE5B023BD79B6ABAB601E6BED2396E125057A7F99C2EA49BBDCFD59F841FB457837E344662D16F8DBEAC8BBA5D2EF0049D463920670E3DD49FC2BD3EBF0C61F19EA1E19D5ED754D2AF65B0D46D2412C17303ED78D87420D7EAE7EC89FB4543FB44FC335BFB8F2E2F11E98EB69AA4118C02F8CACAA3B2B8C9F621876AF9ACCB2BFAA2F6B4B58FE46D09F368CF72A28A2BE78D428A28A0028A28A0028A28A0028A28A00FCF6F1EF8AEFF0054F185FEA38BD73348D2620B62EBF312783B87A81F8572FAB788F51BF80C66DF5AE46329A697FF00D9C555F8951C1A3F89EF2DAF7EC114EA76B0BA173BF2BF29CF97C755AF3DBED4F4719DF2F87BFE07FDA3FD057E9787A71F650B2E88E6C64A5F59A9EAFA74E9F816B52F0BCB77233BDAF89DD9B925342DDFFB5AB9CBFF00878F3E7FD03C6A7FEB9F85B77FEDC556BFD53C3DCEF97C23FF006D3FB63FF6515CEDF6A7E1424EF97C07FF006D3FB7FF00F6515D9EF79FDC725D966FFE123CF9FF00896FC433FF005CFC17BBFF006EABDEFF00E09EB69A8FC39FDA10E98963E2D86C35EB09ADE7FEDBF0E1B084344A6646DFE73FCC3632818E779E7B1F972F751F051CEE93E1B7FC0FFE126FE95EE1FF0004FAD2F43D7BF6AEF0FDDE8B6FE0F9DF4AB4BDBB964D07FB6BCE851ADDE1DDFE98447826655E727E6E0771C78DBBC2D452BDACFA1A41BE647EB8515E05FB56FECF7AD7C7A4F09269DA8C3FD9BA54B79F6FD16EEE45B4578B3DB98926591ADEE512588EED8C6066025728F1B004F3BF11FF0065DD63C77AD7852F35BB2D33E2069161E128F40BAD07C4DE20BB85A0BC59A195AFA2BD8AD99E496411F972388A1675519C8628BF9A1E81EB9A37C67B2D4FE315F7C36B9D0359D235CB7D2DF5A8AE2F05B35B5D59ADC0B712C6D14EEC3739C857556C03B829C03D9596A97375ABEA5672E917B676F69E5793A84EF0182F772E5BCA092348361F95BCC44E4FCBB8735E37FF000AE7E20FFC351FFC2C9FECDF0CFF0061FF0060FF00C231F67FEDBB8FB4FD9FEDDF68FB56DFB1EDF33671E4EEC67FE5AE39AAFE05F83DA8F817E2B7C6CF14EBDA268127827C651453369BA5F9D793B2C11C892092D05A812B5C096591D54BB6F62B894B96A00F7DA2BE15FD8BBF67BF11DBF80F59BED7F43FEC6B3BEF0BDDF85EF7C27A825E69B26AF70F757130B9BB630A14C433A4092C6272119B0CA50C75D9787FF64FF1AE9FF03FE267C3FB7B9F0CF85FFB6ED6CEDF46D474AC3DEB244A3CDB7D42E61B4B4F3E37DA54398D9C2DC4DBFCCE8C01F5C515E57FB39FC2CBFF00841E07BED12FFF0077E76A93DF436D1EA8B7B05BACA1199210967689047E6798C2148B6A96620FCD85F54A0028A28A00F873F6E5F83B776B74DE2CD2EDDE5B69897982293B5CF2E3F1C6E1F56F4AF81B57D5FEF7CD5FBA1ABE9167AF69D3D86A16E977673AEC922906430FE9F5ED5F03FED17FF04E2D4754BBBAD63E1CDDC323484BB69774E2324F3F75BA7A7A7D2BEC32BCD29C20A85776B6CC5563ED7DE5BFE67E796ADAB6777CD5C7EA9AA673CD7B0F8BBF652F8D9A1DD4B04BF0C7C4F7450E37D86992DD237D0C6AD9AC9F0D7EC53F1E3C7BA8476B63F0CB5FB0DEC019B59B53A7C483D4B4FB38FA64D7D5FD62825CCE6ADEA8E2E596D63C2750D4324F35FB0FFF0004B2FD986FBE0FFC33BEF1CF892D1ECFC49E2C48CC16D321592DAC57E640C0F42E4EF2303809583FB25FFC12BB48F865AB5878B7E28DDDAF8A3C416CCB3DB68D6CA5AC6DA40010CE5B066653920602E40E0D7E810000000C01D857C8E6D9A42BC7EAF41DD757FA237A70B6AC5A28A2BE48DC28A28A0028A28A0028A28A0028A28A0028AAFA86A16DA5594D79793C76D6B0A9792595B0AA07726BC3BC51F1F751D5677B7F0B5BC76966381A8DE26E793DD23EC3DDBF215518B93B213763DE68AF94E7D77C4B7EE5EE7C5BAB6E3CFEE2E4C03F24C0AB9A7F89BC63A4B896CBC4B7B381FF002CEFC8B846FAEEE7F235BBC3D44AF6279D1F50515E4DE08F8E70EA3791699E25823D2AFA42122BB8DBFD1A66F4C9E50FB1E3DFB57ACD73B4D68CBDC28A28A40145145001451450014514500145145007CC1F1F3E250D6FC41268B14A7FB234E9363A03C5C5C0EA4FAAA74FAE7DABCCD7C50A3A3015E7FE21D7E7BFD7BECA8C649800CFCE72EDF313F8E4574DA778035ABBB0FB6790C2DF9CCF2BAC51020648DEE42FEB5F5186C3C28D2539BB5CE29CDCA564769E18BE6D6F524814EEE7A0AADF1A3E345BFC34F12DA783340B18355F13346B2DDCF7037C36AA470A17A337D7D3DEA0F8492DB5878BECD24D4B4A95BED080C716A76F237DE1D95CD79CF8BBC2377AD7ED57E349171296910AB3C8A9B576818F988C0E2B2AD152AD185FDDB5C71768B7D4F55F096A37BE3DB6FECFD62DED9EE2E4F971CF6F108CA39FBB90BC119C0E99F7AF5FFD98FE2CBF8CF49BAD02FE733DFE983F71339CB4B083B707D4A9C0FA11EF5F3C78EBE2BF877E06F862748350B4D63C61346D1D9E9D6332CEB0B9CAEF959491C7603D739E3071BF633D6AEF48F14E8AF73216B99AF0452E4F51302B8FFBEB9AE2C45353529C168ADA9A4256B267E89D15E05F1FBF6D1F04FECE7E31B3F0DF8934BD7EFAFAEAC13514934AB78248846D2491804BCC8776626E318C11CFA7B2782FC5569E3AF07685E24B08E686C759B08351B78EE542CAB1CB1AC8A1C024060186402467B9AF24E83668AF0ABBFDAEFC3965F19A4F86327863C4CDE258F54B7D2C8863B3910F9C8654B80AB7265300894CAEE10F96B8DE118853ED9A8DD4B63A7DD5CC36736A134313489696C504B3B0048442ECA8198F03732AE4F240E6802CD15C27C24F8BDA77C60D3FC417361A5EA7A3CDA16B371A0DF5A6AAB08952EA1086400C32488CA0B8190DC907B609EABC3FAA5CEB3A45BDE5E6917BA0DC49BB769FA83C0F3C586206E30C9247C80186D73C119C1C8001A34514500145145007E7F7C3BF0C58CDE3E9EF354212CD21375333305C451C659F93D38423F1AF9E3E227C4FF10FED0BE2FBCBA9EEA6D3FC236D218B4FD2A0629108D4E14B28E0923F2CD7D7FF001ABC0B3F82BC51A8C5106874DD460B98924404FF00A3CE8C8E063A942D9C7A0F7AF97748F86F7DE190963343B10F31CE9F34732F66461C3035F5D808431528CE6FE156B7F5E563CFAADC134BA9D07C15D074ED0F566BE9A64B486D17CD1249D3702303F3AF19F1EFC4D87E29FED0DABDCB3C6F348ACACF6C088D82B601EA7D6BEA38FC29E15F067C34D5354F1EA347A1CF6EC228199A29AFA5FE1483186241C12C38E319AF917E197C3FB7B4D6AEF5A8AD5ED6299C9892672F205CF1B9BB9F5C002BB1B55F1495357E5EBD10D38C28B52DD9DC45E19B2B597CD588193FBC7AD7BCFECB3A44D7BE3ED24A0253FB460718F48CEF3FA57945B584DA8DCC76F6F1992590E15457DB1FB25FC2D3A25B9D7278FF00770A3416EC47FAC91BFD638F61F747D4FA54E6F5614A87B25BC8CF0E9CA5CDD8E13F6D1FD8BBC6DFB467C52D2FC49E1BD5340B1B1B5D1A2D39E3D56E278E5322CF3C848090B8DB89579CE720F1EBCF78BFF6478BC63F15BE117870E9134ABA6F872D34AF1E6A4BA3BAE9D2C5651DABC5F67BB92388BCB3106032C32195235008554914FDE5457C39E99F28699FB30F8B740FDA6EF7E25697A0F81E0B137F61069C24D46F44BA5E970DA9B39D21B78A18E132CB0EC2A1CB2445768DD9DE3A1F0A7ECEDAC784FE31F887C6F77A2681E2FD5E5D6751D6347F125F6B777677F691DC5A2C51D8C90ADBC88F14653CA5669182239648C1F90FD1D45007817C16F851E36F02E9FF0013EC3C49A1F84F56B1F16EB3AA78812D63D5E79A2692E8228B2995EC803110AC1A5F98E0FF00AA35E37F12BE04F89FC0BFF04FE7F86DAAE830F8A3C57617E9FD93FF0008D5ADCEA8CCCF7BF686980FB3AB40C2292E232D8DBB78DF997657DC345007CA161FB2FEA3AF7C096D0AF34FD33506BEF16C9E2ED2B467BD9B4FB4F0F432333C56D0ACF63287550CC1A09AD113FD2250503282D5BC79FB27F8D7E207C27F865E1FD46E7C336D71E1DFB7C7AC687A1634ED2EFBCF8E48D2E62CDA4D1C53A06DD9FB370F3CCD19888535F5C514018DE0BD2AEF42F07685A6DFCF35D5F59D8416F713DCDD9BB9649123556679CA21958904990A216273B5738056CD140183E33F0669DE39D15F4FD410E33BA2993EFC4FD994FF004EF5F22FC46F817E34F03DC4F3E87AA5F585BB12DF6AD3D98C0FEEE80FC8DEA7F9D7DB149D6B7A55A745DE0C99454B73F2A35FF84DE26F116AE6FB5BBB9BC41723A4F7177E61FC379CD6CE8FF09F57B992383CB8ED94900283BD8FD157AFE75FA5377E12D0F5090C975A369F72E7AB4D6B1B9FCC8A9EC341D334A39B2D3AD2CCFF00D3BC0A9FC857AEB38AF08F2C2297C8E77878B776CF97BE0EFECB72C6D1DDEAD1496568705DA518B89C7A01FC0BF5E7EBD6BEA8B0B1B7D32CE1B4B48560B6850247120C0551D0558A2BC7AB5675A5CF51DD9D118A8AB20A28A2B12828A28A0028A28A0028A28A0028A28A00FFD9);
INSERT INTO `photo` VALUES ('8', 'j', 0xFFD8FFE000104A46494600010101006000600000FFDB0043000302020302020303030304030304050805050404050A070706080C0A0C0C0B0A0B0B0D0E12100D0E110E0B0B1016101113141515150C0F171816141812141514FFDB00430103040405040509050509140D0B0D1414141414141414141414141414141414141414141414141414141414141414141414141414141414141414141414141414FFC0001108006E007803012200021101031101FFC4001F0000010501010101010100000000000000000102030405060708090A0BFFC400B5100002010303020403050504040000017D01020300041105122131410613516107227114328191A1082342B1C11552D1F02433627282090A161718191A25262728292A3435363738393A434445464748494A535455565758595A636465666768696A737475767778797A838485868788898A92939495969798999AA2A3A4A5A6A7A8A9AAB2B3B4B5B6B7B8B9BAC2C3C4C5C6C7C8C9CAD2D3D4D5D6D7D8D9DAE1E2E3E4E5E6E7E8E9EAF1F2F3F4F5F6F7F8F9FAFFC4001F0100030101010101010101010000000000000102030405060708090A0BFFC400B51100020102040403040705040400010277000102031104052131061241510761711322328108144291A1B1C109233352F0156272D10A162434E125F11718191A262728292A35363738393A434445464748494A535455565758595A636465666768696A737475767778797A82838485868788898A92939495969798999AA2A3A4A5A6A7A8A9AAB2B3B4B5B6B7B8B9BAC2C3C4C5C6C7C8C9CAD2D3D4D5D6D7D8D9DAE2E3E4E5E6E7E8E9EAF2F3F4F5F6F7F8F9FAFFDA000C03010002110311003F00FD53AF3DF1BFC62D3FC2903FD8ED5F56B85070236D91E7FDEC1CFE031EF543E287C46874CD457438A500E01B920F2723213E98C13EB903D4579A78EFC45A6CFA51F2F687DBC9F5AF4B0D85E76A535A32E56A6B5DD9C97887F6D3F17E9B772471687A340AA7859D25738F7224159BA5FEDFBAED8DDAFF006D786F4DBCB6CFCC2C1E481C0F51B99C1FD2BE7BF881AB46DABCBE5B023BD79B6ABAB601E6BED2396E125057A7F99C2EA49BBDCFD59F841FB457837E344662D16F8DBEAC8BBA5D2EF0049D463920670E3DD49FC2BD3EBF0C61F19EA1E19D5ED754D2AF65B0D46D2412C17303ED78D87420D7EAE7EC89FB4543FB44FC335BFB8F2E2F11E98EB69AA4118C02F8CACAA3B2B8C9F621876AF9ACCB2BFAA2F6B4B58FE46D09F368CF72A28A2BE78D428A28A0028A28A0028A28A0028A28A00FCF6F1EF8AEFF0054F185FEA38BD73348D2620B62EBF312783B87A81F8572FAB788F51BF80C66DF5AE46329A697FF00D9C555F8951C1A3F89EF2DAF7EC114EA76B0BA173BF2BF29CF97C755AF3DBED4F4719DF2F87BFE07FDA3FD057E9787A71F650B2E88E6C64A5F59A9EAFA74E9F816B52F0BCB77233BDAF89DD9B925342DDFFB5AB9CBFF00878F3E7FD03C6A7FEB9F85B77FEDC556BFD53C3DCEF97C23FF006D3FB63FF6515CEDF6A7E1424EF97C07FF006D3FB7FF00F6515D9EF79FDC725D966FFE123CF9FF00896FC433FF005CFC17BBFF006EABDEFF00E09EB69A8FC39FDA10E98963E2D86C35EB09ADE7FEDBF0E1B084344A6646DFE73FCC3632818E779E7B1F972F751F051CEE93E1B7FC0FFE126FE95EE1FF0004FAD2F43D7BF6AEF0FDDE8B6FE0F9DF4AB4BDBB964D07FB6BCE851ADDE1DDFE98447826655E727E6E0771C78DBBC2D452BDACFA1A41BE647EB8515E05FB56FECF7AD7C7A4F09269DA8C3FD9BA54B79F6FD16EEE45B4578B3DB98926591ADEE512588EED8C6066025728F1B004F3BF11FF0065DD63C77AD7852F35BB2D33E2069161E128F40BAD07C4DE20BB85A0BC59A195AFA2BD8AD99E496411F972388A1675519C8628BF9A1E81EB9A37C67B2D4FE315F7C36B9D0359D235CB7D2DF5A8AE2F05B35B5D59ADC0B712C6D14EEC3739C857556C03B829C03D9596A97375ABEA5672E917B676F69E5793A84EF0182F772E5BCA092348361F95BCC44E4FCBB8735E37FF000AE7E20FFC351FFC2C9FECDF0CFF0061FF0060FF00C231F67FEDBB8FB4FD9FEDDF68FB56DFB1EDF33671E4EEC67FE5AE39AAFE05F83DA8F817E2B7C6CF14EBDA268127827C651453369BA5F9D793B2C11C892092D05A812B5C096591D54BB6F62B894B96A00F7DA2BE15FD8BBF67BF11DBF80F59BED7F43FEC6B3BEF0BDDF85EF7C27A825E69B26AF70F757130B9BB630A14C433A4092C6272119B0CA50C75D9787FF64FF1AE9FF03FE267C3FB7B9F0CF85FFB6ED6CEDF46D474AC3DEB244A3CDB7D42E61B4B4F3E37DA54398D9C2DC4DBFCCE8C01F5C515E57FB39FC2CBFF00841E07BED12FFF0077E76A93DF436D1EA8B7B05BACA1199210967689047E6798C2148B6A96620FCD85F54A0028A28A00F873F6E5F83B776B74DE2CD2EDDE5B69897982293B5CF2E3F1C6E1F56F4AF81B57D5FEF7CD5FBA1ABE9167AF69D3D86A16E977673AEC922906430FE9F5ED5F03FED17FF04E2D4754BBBAD63E1CDDC323484BB69774E2324F3F75BA7A7A7D2BEC32BCD29C20A85776B6CC5563ED7DE5BFE67E796ADAB6777CD5C7EA9AA673CD7B0F8BBF652F8D9A1DD4B04BF0C7C4F7450E37D86992DD237D0C6AD9AC9F0D7EC53F1E3C7BA8476B63F0CB5FB0DEC019B59B53A7C483D4B4FB38FA64D7D5FD62825CCE6ADEA8E2E596D63C2750D4324F35FB0FFF0004B2FD986FBE0FFC33BEF1CF892D1ECFC49E2C48CC16D321592DAC57E640C0F42E4EF2303809583FB25FFC12BB48F865AB5878B7E28DDDAF8A3C416CCB3DB68D6CA5AC6DA40010CE5B066653920602E40E0D7E810000000C01D857C8E6D9A42BC7EAF41DD757FA237A70B6AC5A28A2BE48DC28A28A0028A28A0028A28A0028A28A0028AAFA86A16DA5594D79793C76D6B0A9792595B0AA07726BC3BC51F1F751D5677B7F0B5BC76966381A8DE26E793DD23EC3DDBF215518B93B213763DE68AF94E7D77C4B7EE5EE7C5BAB6E3CFEE2E4C03F24C0AB9A7F89BC63A4B896CBC4B7B381FF002CEFC8B846FAEEE7F235BBC3D44AF6279D1F50515E4DE08F8E70EA3791699E25823D2AFA42122BB8DBFD1A66F4C9E50FB1E3DFB57ACD73B4D68CBDC28A28A40145145001451450014514500145145007CC1F1F3E250D6FC41268B14A7FB234E9363A03C5C5C0EA4FAAA74FAE7DABCCD7C50A3A3015E7FE21D7E7BFD7BECA8C649800CFCE72EDF313F8E4574DA778035ABBB0FB6790C2DF9CCF2BAC51020648DEE42FEB5F5186C3C28D2539BB5CE29CDCA564769E18BE6D6F524814EEE7A0AADF1A3E345BFC34F12DA783340B18355F13346B2DDCF7037C36AA470A17A337D7D3DEA0F8492DB5878BECD24D4B4A95BED080C716A76F237DE1D95CD79CF8BBC2377AD7ED57E349171296910AB3C8A9B576818F988C0E2B2AD152AD185FDDB5C71768B7D4F55F096A37BE3DB6FECFD62DED9EE2E4F971CF6F108CA39FBB90BC119C0E99F7AF5FFD98FE2CBF8CF49BAD02FE733DFE983F71339CB4B083B707D4A9C0FA11EF5F3C78EBE2BF877E06F862748350B4D63C61346D1D9E9D6332CEB0B9CAEF959491C7603D739E3071BF633D6AEF48F14E8AF73216B99AF0452E4F51302B8FFBEB9AE2C45353529C168ADA9A4256B267E89D15E05F1FBF6D1F04FECE7E31B3F0DF8934BD7EFAFAEAC13514934AB78248846D2491804BCC8776626E318C11CFA7B2782FC5569E3AF07685E24B08E686C759B08351B78EE542CAB1CB1AC8A1C024060186402467B9AF24E83668AF0ABBFDAEFC3965F19A4F86327863C4CDE258F54B7D2C8863B3910F9C8654B80AB7265300894CAEE10F96B8DE118853ED9A8DD4B63A7DD5CC36736A134313489696C504B3B0048442ECA8198F03732AE4F240E6802CD15C27C24F8BDA77C60D3FC417361A5EA7A3CDA16B371A0DF5A6AAB08952EA1086400C32488CA0B8190DC907B609EABC3FAA5CEB3A45BDE5E6917BA0DC49BB769FA83C0F3C586206E30C9247C80186D73C119C1C8001A34514500145145007E7F7C3BF0C58CDE3E9EF354212CD21375333305C451C659F93D38423F1AF9E3E227C4FF10FED0BE2FBCBA9EEA6D3FC236D218B4FD2A0629108D4E14B28E0923F2CD7D7FF001ABC0B3F82BC51A8C5106874DD460B98924404FF00A3CE8C8E063A942D9C7A0F7AF97748F86F7DE190963343B10F31CE9F34732F66461C3035F5D808431528CE6FE156B7F5E563CFAADC134BA9D07C15D074ED0F566BE9A64B486D17CD1249D3702303F3AF19F1EFC4D87E29FED0DABDCB3C6F348ACACF6C088D82B601EA7D6BEA38FC29E15F067C34D5354F1EA347A1CF6EC228199A29AFA5FE1483186241C12C38E319AF917E197C3FB7B4D6AEF5A8AD5ED6299C9892672F205CF1B9BB9F5C002BB1B55F1495357E5EBD10D38C28B52DD9DC45E19B2B597CD588193FBC7AD7BCFECB3A44D7BE3ED24A0253FB460718F48CEF3FA57945B584DA8DCC76F6F1992590E15457DB1FB25FC2D3A25B9D7278FF00770A3416EC47FAC91BFD638F61F747D4FA54E6F5614A87B25BC8CF0E9CA5CDD8E13F6D1FD8BBC6DFB467C52D2FC49E1BD5340B1B1B5D1A2D39E3D56E278E5322CF3C848090B8DB89579CE720F1EBCF78BFF6478BC63F15BE117870E9134ABA6F872D34AF1E6A4BA3BAE9D2C5651DABC5F67BB92388BCB3106032C32195235008554914FDE5457C39E99F28699FB30F8B740FDA6EF7E25697A0F81E0B137F61069C24D46F44BA5E970DA9B39D21B78A18E132CB0EC2A1CB2445768DD9DE3A1F0A7ECEDAC784FE31F887C6F77A2681E2FD5E5D6751D6347F125F6B777677F691DC5A2C51D8C90ADBC88F14653CA5669182239648C1F90FD1D45007817C16F851E36F02E9FF0013EC3C49A1F84F56B1F16EB3AA78812D63D5E79A2692E8228B2995EC803110AC1A5F98E0FF00AA35E37F12BE04F89FC0BFF04FE7F86DAAE830F8A3C57617E9FD93FF0008D5ADCEA8CCCF7BF686980FB3AB40C2292E232D8DBB78DF997657DC345007CA161FB2FEA3AF7C096D0AF34FD33506BEF16C9E2ED2B467BD9B4FB4F0F432333C56D0ACF63287550CC1A09AD113FD2250503282D5BC79FB27F8D7E207C27F865E1FD46E7C336D71E1DFB7C7AC687A1634ED2EFBCF8E48D2E62CDA4D1C53A06DD9FB370F3CCD19888535F5C514018DE0BD2AEF42F07685A6DFCF35D5F59D8416F713DCDD9BB9649123556679CA21958904990A216273B5738056CD140183E33F0669DE39D15F4FD410E33BA2993EFC4FD994FF004EF5F22FC46F817E34F03DC4F3E87AA5F585BB12DF6AD3D98C0FEEE80FC8DEA7F9D7DB149D6B7A55A745DE0C99454B73F2A35FF84DE26F116AE6FB5BBB9BC41723A4F7177E61FC379CD6CE8FF09F57B992383CB8ED94900283BD8FD157AFE75FA5377E12D0F5090C975A369F72E7AB4D6B1B9FCC8A9EC341D334A39B2D3AD2CCFF00D3BC0A9FC857AEB38AF08F2C2297C8E77878B776CF97BE0EFECB72C6D1DDEAD1496568705DA518B89C7A01FC0BF5E7EBD6BEA8B0B1B7D32CE1B4B48560B6850247120C0551D0558A2BC7AB5675A5CF51DD9D118A8AB20A28A2B12828A28A0028A28A0028A28A0028A28A00FFD9);
INSERT INTO `photo` VALUES ('9', 'j', 0xFFD8FFE000104A46494600010101006000600000FFDB0043000302020302020303030304030304050805050404050A070706080C0A0C0C0B0A0B0B0D0E12100D0E110E0B0B1016101113141515150C0F171816141812141514FFDB00430103040405040509050509140D0B0D1414141414141414141414141414141414141414141414141414141414141414141414141414141414141414141414141414FFC0001108006E007803012200021101031101FFC4001F0000010501010101010100000000000000000102030405060708090A0BFFC400B5100002010303020403050504040000017D01020300041105122131410613516107227114328191A1082342B1C11552D1F02433627282090A161718191A25262728292A3435363738393A434445464748494A535455565758595A636465666768696A737475767778797A838485868788898A92939495969798999AA2A3A4A5A6A7A8A9AAB2B3B4B5B6B7B8B9BAC2C3C4C5C6C7C8C9CAD2D3D4D5D6D7D8D9DAE1E2E3E4E5E6E7E8E9EAF1F2F3F4F5F6F7F8F9FAFFC4001F0100030101010101010101010000000000000102030405060708090A0BFFC400B51100020102040403040705040400010277000102031104052131061241510761711322328108144291A1B1C109233352F0156272D10A162434E125F11718191A262728292A35363738393A434445464748494A535455565758595A636465666768696A737475767778797A82838485868788898A92939495969798999AA2A3A4A5A6A7A8A9AAB2B3B4B5B6B7B8B9BAC2C3C4C5C6C7C8C9CAD2D3D4D5D6D7D8D9DAE2E3E4E5E6E7E8E9EAF2F3F4F5F6F7F8F9FAFFDA000C03010002110311003F00FD53AF3DF1BFC62D3FC2903FD8ED5F56B85070236D91E7FDEC1CFE031EF543E287C46874CD457438A500E01B920F2723213E98C13EB903D4579A78EFC45A6CFA51F2F687DBC9F5AF4B0D85E76A535A32E56A6B5DD9C97887F6D3F17E9B772471687A340AA7859D25738F7224159BA5FEDFBAED8DDAFF006D786F4DBCB6CFCC2C1E481C0F51B99C1FD2BE7BF881AB46DABCBE5B023BD79B6ABAB601E6BED2396E125057A7F99C2EA49BBDCFD59F841FB457837E344662D16F8DBEAC8BBA5D2EF0049D463920670E3DD49FC2BD3EBF0C61F19EA1E19D5ED754D2AF65B0D46D2412C17303ED78D87420D7EAE7EC89FB4543FB44FC335BFB8F2E2F11E98EB69AA4118C02F8CACAA3B2B8C9F621876AF9ACCB2BFAA2F6B4B58FE46D09F368CF72A28A2BE78D428A28A0028A28A0028A28A0028A28A00FCF6F1EF8AEFF0054F185FEA38BD73348D2620B62EBF312783B87A81F8572FAB788F51BF80C66DF5AE46329A697FF00D9C555F8951C1A3F89EF2DAF7EC114EA76B0BA173BF2BF29CF97C755AF3DBED4F4719DF2F87BFE07FDA3FD057E9787A71F650B2E88E6C64A5F59A9EAFA74E9F816B52F0BCB77233BDAF89DD9B925342DDFFB5AB9CBFF00878F3E7FD03C6A7FEB9F85B77FEDC556BFD53C3DCEF97C23FF006D3FB63FF6515CEDF6A7E1424EF97C07FF006D3FB7FF00F6515D9EF79FDC725D966FFE123CF9FF00896FC433FF005CFC17BBFF006EABDEFF00E09EB69A8FC39FDA10E98963E2D86C35EB09ADE7FEDBF0E1B084344A6646DFE73FCC3632818E779E7B1F972F751F051CEE93E1B7FC0FFE126FE95EE1FF0004FAD2F43D7BF6AEF0FDDE8B6FE0F9DF4AB4BDBB964D07FB6BCE851ADDE1DDFE98447826655E727E6E0771C78DBBC2D452BDACFA1A41BE647EB8515E05FB56FECF7AD7C7A4F09269DA8C3FD9BA54B79F6FD16EEE45B4578B3DB98926591ADEE512588EED8C6066025728F1B004F3BF11FF0065DD63C77AD7852F35BB2D33E2069161E128F40BAD07C4DE20BB85A0BC59A195AFA2BD8AD99E496411F972388A1675519C8628BF9A1E81EB9A37C67B2D4FE315F7C36B9D0359D235CB7D2DF5A8AE2F05B35B5D59ADC0B712C6D14EEC3739C857556C03B829C03D9596A97375ABEA5672E917B676F69E5793A84EF0182F772E5BCA092348361F95BCC44E4FCBB8735E37FF000AE7E20FFC351FFC2C9FECDF0CFF0061FF0060FF00C231F67FEDBB8FB4FD9FEDDF68FB56DFB1EDF33671E4EEC67FE5AE39AAFE05F83DA8F817E2B7C6CF14EBDA268127827C651453369BA5F9D793B2C11C892092D05A812B5C096591D54BB6F62B894B96A00F7DA2BE15FD8BBF67BF11DBF80F59BED7F43FEC6B3BEF0BDDF85EF7C27A825E69B26AF70F757130B9BB630A14C433A4092C6272119B0CA50C75D9787FF64FF1AE9FF03FE267C3FB7B9F0CF85FFB6ED6CEDF46D474AC3DEB244A3CDB7D42E61B4B4F3E37DA54398D9C2DC4DBFCCE8C01F5C515E57FB39FC2CBFF00841E07BED12FFF0077E76A93DF436D1EA8B7B05BACA1199210967689047E6798C2148B6A96620FCD85F54A0028A28A00F873F6E5F83B776B74DE2CD2EDDE5B69897982293B5CF2E3F1C6E1F56F4AF81B57D5FEF7CD5FBA1ABE9167AF69D3D86A16E977673AEC922906430FE9F5ED5F03FED17FF04E2D4754BBBAD63E1CDDC323484BB69774E2324F3F75BA7A7A7D2BEC32BCD29C20A85776B6CC5563ED7DE5BFE67E796ADAB6777CD5C7EA9AA673CD7B0F8BBF652F8D9A1DD4B04BF0C7C4F7450E37D86992DD237D0C6AD9AC9F0D7EC53F1E3C7BA8476B63F0CB5FB0DEC019B59B53A7C483D4B4FB38FA64D7D5FD62825CCE6ADEA8E2E596D63C2750D4324F35FB0FFF0004B2FD986FBE0FFC33BEF1CF892D1ECFC49E2C48CC16D321592DAC57E640C0F42E4EF2303809583FB25FFC12BB48F865AB5878B7E28DDDAF8A3C416CCB3DB68D6CA5AC6DA40010CE5B066653920602E40E0D7E810000000C01D857C8E6D9A42BC7EAF41DD757FA237A70B6AC5A28A2BE48DC28A28A0028A28A0028A28A0028A28A0028AAFA86A16DA5594D79793C76D6B0A9792595B0AA07726BC3BC51F1F751D5677B7F0B5BC76966381A8DE26E793DD23EC3DDBF215518B93B213763DE68AF94E7D77C4B7EE5EE7C5BAB6E3CFEE2E4C03F24C0AB9A7F89BC63A4B896CBC4B7B381FF002CEFC8B846FAEEE7F235BBC3D44AF6279D1F50515E4DE08F8E70EA3791699E25823D2AFA42122BB8DBFD1A66F4C9E50FB1E3DFB57ACD73B4D68CBDC28A28A40145145001451450014514500145145007CC1F1F3E250D6FC41268B14A7FB234E9363A03C5C5C0EA4FAAA74FAE7DABCCD7C50A3A3015E7FE21D7E7BFD7BECA8C649800CFCE72EDF313F8E4574DA778035ABBB0FB6790C2DF9CCF2BAC51020648DEE42FEB5F5186C3C28D2539BB5CE29CDCA564769E18BE6D6F524814EEE7A0AADF1A3E345BFC34F12DA783340B18355F13346B2DDCF7037C36AA470A17A337D7D3DEA0F8492DB5878BECD24D4B4A95BED080C716A76F237DE1D95CD79CF8BBC2377AD7ED57E349171296910AB3C8A9B576818F988C0E2B2AD152AD185FDDB5C71768B7D4F55F096A37BE3DB6FECFD62DED9EE2E4F971CF6F108CA39FBB90BC119C0E99F7AF5FFD98FE2CBF8CF49BAD02FE733DFE983F71339CB4B083B707D4A9C0FA11EF5F3C78EBE2BF877E06F862748350B4D63C61346D1D9E9D6332CEB0B9CAEF959491C7603D739E3071BF633D6AEF48F14E8AF73216B99AF0452E4F51302B8FFBEB9AE2C45353529C168ADA9A4256B267E89D15E05F1FBF6D1F04FECE7E31B3F0DF8934BD7EFAFAEAC13514934AB78248846D2491804BCC8776626E318C11CFA7B2782FC5569E3AF07685E24B08E686C759B08351B78EE542CAB1CB1AC8A1C024060186402467B9AF24E83668AF0ABBFDAEFC3965F19A4F86327863C4CDE258F54B7D2C8863B3910F9C8654B80AB7265300894CAEE10F96B8DE118853ED9A8DD4B63A7DD5CC36736A134313489696C504B3B0048442ECA8198F03732AE4F240E6802CD15C27C24F8BDA77C60D3FC417361A5EA7A3CDA16B371A0DF5A6AAB08952EA1086400C32488CA0B8190DC907B609EABC3FAA5CEB3A45BDE5E6917BA0DC49BB769FA83C0F3C586206E30C9247C80186D73C119C1C8001A34514500145145007E7F7C3BF0C58CDE3E9EF354212CD21375333305C451C659F93D38423F1AF9E3E227C4FF10FED0BE2FBCBA9EEA6D3FC236D218B4FD2A0629108D4E14B28E0923F2CD7D7FF001ABC0B3F82BC51A8C5106874DD460B98924404FF00A3CE8C8E063A942D9C7A0F7AF97748F86F7DE190963343B10F31CE9F34732F66461C3035F5D808431528CE6FE156B7F5E563CFAADC134BA9D07C15D074ED0F566BE9A64B486D17CD1249D3702303F3AF19F1EFC4D87E29FED0DABDCB3C6F348ACACF6C088D82B601EA7D6BEA38FC29E15F067C34D5354F1EA347A1CF6EC228199A29AFA5FE1483186241C12C38E319AF917E197C3FB7B4D6AEF5A8AD5ED6299C9892672F205CF1B9BB9F5C002BB1B55F1495357E5EBD10D38C28B52DD9DC45E19B2B597CD588193FBC7AD7BCFECB3A44D7BE3ED24A0253FB460718F48CEF3FA57945B584DA8DCC76F6F1992590E15457DB1FB25FC2D3A25B9D7278FF00770A3416EC47FAC91BFD638F61F747D4FA54E6F5614A87B25BC8CF0E9CA5CDD8E13F6D1FD8BBC6DFB467C52D2FC49E1BD5340B1B1B5D1A2D39E3D56E278E5322CF3C848090B8DB89579CE720F1EBCF78BFF6478BC63F15BE117870E9134ABA6F872D34AF1E6A4BA3BAE9D2C5651DABC5F67BB92388BCB3106032C32195235008554914FDE5457C39E99F28699FB30F8B740FDA6EF7E25697A0F81E0B137F61069C24D46F44BA5E970DA9B39D21B78A18E132CB0EC2A1CB2445768DD9DE3A1F0A7ECEDAC784FE31F887C6F77A2681E2FD5E5D6751D6347F125F6B777677F691DC5A2C51D8C90ADBC88F14653CA5669182239648C1F90FD1D45007817C16F851E36F02E9FF0013EC3C49A1F84F56B1F16EB3AA78812D63D5E79A2692E8228B2995EC803110AC1A5F98E0FF00AA35E37F12BE04F89FC0BFF04FE7F86DAAE830F8A3C57617E9FD93FF0008D5ADCEA8CCCF7BF686980FB3AB40C2292E232D8DBB78DF997657DC345007CA161FB2FEA3AF7C096D0AF34FD33506BEF16C9E2ED2B467BD9B4FB4F0F432333C56D0ACF63287550CC1A09AD113FD2250503282D5BC79FB27F8D7E207C27F865E1FD46E7C336D71E1DFB7C7AC687A1634ED2EFBCF8E48D2E62CDA4D1C53A06DD9FB370F3CCD19888535F5C514018DE0BD2AEF42F07685A6DFCF35D5F59D8416F713DCDD9BB9649123556679CA21958904990A216273B5738056CD140183E33F0669DE39D15F4FD410E33BA2993EFC4FD994FF004EF5F22FC46F817E34F03DC4F3E87AA5F585BB12DF6AD3D98C0FEEE80FC8DEA7F9D7DB149D6B7A55A745DE0C99454B73F2A35FF84DE26F116AE6FB5BBB9BC41723A4F7177E61FC379CD6CE8FF09F57B992383CB8ED94900283BD8FD157AFE75FA5377E12D0F5090C975A369F72E7AB4D6B1B9FCC8A9EC341D334A39B2D3AD2CCFF00D3BC0A9FC857AEB38AF08F2C2297C8E77878B776CF97BE0EFECB72C6D1DDEAD1496568705DA518B89C7A01FC0BF5E7EBD6BEA8B0B1B7D32CE1B4B48560B6850247120C0551D0558A2BC7AB5675A5CF51DD9D118A8AB20A28A2B12828A28A0028A28A0028A28A0028A28A00FFD9);
INSERT INTO `photo` VALUES ('10', 'ddd', 0xFFD8FFE000104A46494600010101006000600000FFDB0043000302020302020303030304030304050805050404050A070706080C0A0C0C0B0A0B0B0D0E12100D0E110E0B0B1016101113141515150C0F171816141812141514FFDB00430103040405040509050509140D0B0D1414141414141414141414141414141414141414141414141414141414141414141414141414141414141414141414141414FFC0001108006E007803012200021101031101FFC4001F0000010501010101010100000000000000000102030405060708090A0BFFC400B5100002010303020403050504040000017D01020300041105122131410613516107227114328191A1082342B1C11552D1F02433627282090A161718191A25262728292A3435363738393A434445464748494A535455565758595A636465666768696A737475767778797A838485868788898A92939495969798999AA2A3A4A5A6A7A8A9AAB2B3B4B5B6B7B8B9BAC2C3C4C5C6C7C8C9CAD2D3D4D5D6D7D8D9DAE1E2E3E4E5E6E7E8E9EAF1F2F3F4F5F6F7F8F9FAFFC4001F0100030101010101010101010000000000000102030405060708090A0BFFC400B51100020102040403040705040400010277000102031104052131061241510761711322328108144291A1B1C109233352F0156272D10A162434E125F11718191A262728292A35363738393A434445464748494A535455565758595A636465666768696A737475767778797A82838485868788898A92939495969798999AA2A3A4A5A6A7A8A9AAB2B3B4B5B6B7B8B9BAC2C3C4C5C6C7C8C9CAD2D3D4D5D6D7D8D9DAE2E3E4E5E6E7E8E9EAF2F3F4F5F6F7F8F9FAFFDA000C03010002110311003F00FD53AF3DF1BFC62D3FC2903FD8ED5F56B85070236D91E7FDEC1CFE031EF543E287C46874CD457438A500E01B920F2723213E98C13EB903D4579A78EFC45A6CFA51F2F687DBC9F5AF4B0D85E76A535A32E56A6B5DD9C97887F6D3F17E9B772471687A340AA7859D25738F7224159BA5FEDFBAED8DDAFF006D786F4DBCB6CFCC2C1E481C0F51B99C1FD2BE7BF881AB46DABCBE5B023BD79B6ABAB601E6BED2396E125057A7F99C2EA49BBDCFD59F841FB457837E344662D16F8DBEAC8BBA5D2EF0049D463920670E3DD49FC2BD3EBF0C61F19EA1E19D5ED754D2AF65B0D46D2412C17303ED78D87420D7EAE7EC89FB4543FB44FC335BFB8F2E2F11E98EB69AA4118C02F8CACAA3B2B8C9F621876AF9ACCB2BFAA2F6B4B58FE46D09F368CF72A28A2BE78D428A28A0028A28A0028A28A0028A28A00FCF6F1EF8AEFF0054F185FEA38BD73348D2620B62EBF312783B87A81F8572FAB788F51BF80C66DF5AE46329A697FF00D9C555F8951C1A3F89EF2DAF7EC114EA76B0BA173BF2BF29CF97C755AF3DBED4F4719DF2F87BFE07FDA3FD057E9787A71F650B2E88E6C64A5F59A9EAFA74E9F816B52F0BCB77233BDAF89DD9B925342DDFFB5AB9CBFF00878F3E7FD03C6A7FEB9F85B77FEDC556BFD53C3DCEF97C23FF006D3FB63FF6515CEDF6A7E1424EF97C07FF006D3FB7FF00F6515D9EF79FDC725D966FFE123CF9FF00896FC433FF005CFC17BBFF006EABDEFF00E09EB69A8FC39FDA10E98963E2D86C35EB09ADE7FEDBF0E1B084344A6646DFE73FCC3632818E779E7B1F972F751F051CEE93E1B7FC0FFE126FE95EE1FF0004FAD2F43D7BF6AEF0FDDE8B6FE0F9DF4AB4BDBB964D07FB6BCE851ADDE1DDFE98447826655E727E6E0771C78DBBC2D452BDACFA1A41BE647EB8515E05FB56FECF7AD7C7A4F09269DA8C3FD9BA54B79F6FD16EEE45B4578B3DB98926591ADEE512588EED8C6066025728F1B004F3BF11FF0065DD63C77AD7852F35BB2D33E2069161E128F40BAD07C4DE20BB85A0BC59A195AFA2BD8AD99E496411F972388A1675519C8628BF9A1E81EB9A37C67B2D4FE315F7C36B9D0359D235CB7D2DF5A8AE2F05B35B5D59ADC0B712C6D14EEC3739C857556C03B829C03D9596A97375ABEA5672E917B676F69E5793A84EF0182F772E5BCA092348361F95BCC44E4FCBB8735E37FF000AE7E20FFC351FFC2C9FECDF0CFF0061FF0060FF00C231F67FEDBB8FB4FD9FEDDF68FB56DFB1EDF33671E4EEC67FE5AE39AAFE05F83DA8F817E2B7C6CF14EBDA268127827C651453369BA5F9D793B2C11C892092D05A812B5C096591D54BB6F62B894B96A00F7DA2BE15FD8BBF67BF11DBF80F59BED7F43FEC6B3BEF0BDDF85EF7C27A825E69B26AF70F757130B9BB630A14C433A4092C6272119B0CA50C75D9787FF64FF1AE9FF03FE267C3FB7B9F0CF85FFB6ED6CEDF46D474AC3DEB244A3CDB7D42E61B4B4F3E37DA54398D9C2DC4DBFCCE8C01F5C515E57FB39FC2CBFF00841E07BED12FFF0077E76A93DF436D1EA8B7B05BACA1199210967689047E6798C2148B6A96620FCD85F54A0028A28A00F873F6E5F83B776B74DE2CD2EDDE5B69897982293B5CF2E3F1C6E1F56F4AF81B57D5FEF7CD5FBA1ABE9167AF69D3D86A16E977673AEC922906430FE9F5ED5F03FED17FF04E2D4754BBBAD63E1CDDC323484BB69774E2324F3F75BA7A7A7D2BEC32BCD29C20A85776B6CC5563ED7DE5BFE67E796ADAB6777CD5C7EA9AA673CD7B0F8BBF652F8D9A1DD4B04BF0C7C4F7450E37D86992DD237D0C6AD9AC9F0D7EC53F1E3C7BA8476B63F0CB5FB0DEC019B59B53A7C483D4B4FB38FA64D7D5FD62825CCE6ADEA8E2E596D63C2750D4324F35FB0FFF0004B2FD986FBE0FFC33BEF1CF892D1ECFC49E2C48CC16D321592DAC57E640C0F42E4EF2303809583FB25FFC12BB48F865AB5878B7E28DDDAF8A3C416CCB3DB68D6CA5AC6DA40010CE5B066653920602E40E0D7E810000000C01D857C8E6D9A42BC7EAF41DD757FA237A70B6AC5A28A2BE48DC28A28A0028A28A0028A28A0028A28A0028AAFA86A16DA5594D79793C76D6B0A9792595B0AA07726BC3BC51F1F751D5677B7F0B5BC76966381A8DE26E793DD23EC3DDBF215518B93B213763DE68AF94E7D77C4B7EE5EE7C5BAB6E3CFEE2E4C03F24C0AB9A7F89BC63A4B896CBC4B7B381FF002CEFC8B846FAEEE7F235BBC3D44AF6279D1F50515E4DE08F8E70EA3791699E25823D2AFA42122BB8DBFD1A66F4C9E50FB1E3DFB57ACD73B4D68CBDC28A28A40145145001451450014514500145145007CC1F1F3E250D6FC41268B14A7FB234E9363A03C5C5C0EA4FAAA74FAE7DABCCD7C50A3A3015E7FE21D7E7BFD7BECA8C649800CFCE72EDF313F8E4574DA778035ABBB0FB6790C2DF9CCF2BAC51020648DEE42FEB5F5186C3C28D2539BB5CE29CDCA564769E18BE6D6F524814EEE7A0AADF1A3E345BFC34F12DA783340B18355F13346B2DDCF7037C36AA470A17A337D7D3DEA0F8492DB5878BECD24D4B4A95BED080C716A76F237DE1D95CD79CF8BBC2377AD7ED57E349171296910AB3C8A9B576818F988C0E2B2AD152AD185FDDB5C71768B7D4F55F096A37BE3DB6FECFD62DED9EE2E4F971CF6F108CA39FBB90BC119C0E99F7AF5FFD98FE2CBF8CF49BAD02FE733DFE983F71339CB4B083B707D4A9C0FA11EF5F3C78EBE2BF877E06F862748350B4D63C61346D1D9E9D6332CEB0B9CAEF959491C7603D739E3071BF633D6AEF48F14E8AF73216B99AF0452E4F51302B8FFBEB9AE2C45353529C168ADA9A4256B267E89D15E05F1FBF6D1F04FECE7E31B3F0DF8934BD7EFAFAEAC13514934AB78248846D2491804BCC8776626E318C11CFA7B2782FC5569E3AF07685E24B08E686C759B08351B78EE542CAB1CB1AC8A1C024060186402467B9AF24E83668AF0ABBFDAEFC3965F19A4F86327863C4CDE258F54B7D2C8863B3910F9C8654B80AB7265300894CAEE10F96B8DE118853ED9A8DD4B63A7DD5CC36736A134313489696C504B3B0048442ECA8198F03732AE4F240E6802CD15C27C24F8BDA77C60D3FC417361A5EA7A3CDA16B371A0DF5A6AAB08952EA1086400C32488CA0B8190DC907B609EABC3FAA5CEB3A45BDE5E6917BA0DC49BB769FA83C0F3C586206E30C9247C80186D73C119C1C8001A34514500145145007E7F7C3BF0C58CDE3E9EF354212CD21375333305C451C659F93D38423F1AF9E3E227C4FF10FED0BE2FBCBA9EEA6D3FC236D218B4FD2A0629108D4E14B28E0923F2CD7D7FF001ABC0B3F82BC51A8C5106874DD460B98924404FF00A3CE8C8E063A942D9C7A0F7AF97748F86F7DE190963343B10F31CE9F34732F66461C3035F5D808431528CE6FE156B7F5E563CFAADC134BA9D07C15D074ED0F566BE9A64B486D17CD1249D3702303F3AF19F1EFC4D87E29FED0DABDCB3C6F348ACACF6C088D82B601EA7D6BEA38FC29E15F067C34D5354F1EA347A1CF6EC228199A29AFA5FE1483186241C12C38E319AF917E197C3FB7B4D6AEF5A8AD5ED6299C9892672F205CF1B9BB9F5C002BB1B55F1495357E5EBD10D38C28B52DD9DC45E19B2B597CD588193FBC7AD7BCFECB3A44D7BE3ED24A0253FB460718F48CEF3FA57945B584DA8DCC76F6F1992590E15457DB1FB25FC2D3A25B9D7278FF00770A3416EC47FAC91BFD638F61F747D4FA54E6F5614A87B25BC8CF0E9CA5CDD8E13F6D1FD8BBC6DFB467C52D2FC49E1BD5340B1B1B5D1A2D39E3D56E278E5322CF3C848090B8DB89579CE720F1EBCF78BFF6478BC63F15BE117870E9134ABA6F872D34AF1E6A4BA3BAE9D2C5651DABC5F67BB92388BCB3106032C32195235008554914FDE5457C39E99F28699FB30F8B740FDA6EF7E25697A0F81E0B137F61069C24D46F44BA5E970DA9B39D21B78A18E132CB0EC2A1CB2445768DD9DE3A1F0A7ECEDAC784FE31F887C6F77A2681E2FD5E5D6751D6347F125F6B777677F691DC5A2C51D8C90ADBC88F14653CA5669182239648C1F90FD1D45007817C16F851E36F02E9FF0013EC3C49A1F84F56B1F16EB3AA78812D63D5E79A2692E8228B2995EC803110AC1A5F98E0FF00AA35E37F12BE04F89FC0BFF04FE7F86DAAE830F8A3C57617E9FD93FF0008D5ADCEA8CCCF7BF686980FB3AB40C2292E232D8DBB78DF997657DC345007CA161FB2FEA3AF7C096D0AF34FD33506BEF16C9E2ED2B467BD9B4FB4F0F432333C56D0ACF63287550CC1A09AD113FD2250503282D5BC79FB27F8D7E207C27F865E1FD46E7C336D71E1DFB7C7AC687A1634ED2EFBCF8E48D2E62CDA4D1C53A06DD9FB370F3CCD19888535F5C514018DE0BD2AEF42F07685A6DFCF35D5F59D8416F713DCDD9BB9649123556679CA21958904990A216273B5738056CD140183E33F0669DE39D15F4FD410E33BA2993EFC4FD994FF004EF5F22FC46F817E34F03DC4F3E87AA5F585BB12DF6AD3D98C0FEEE80FC8DEA7F9D7DB149D6B7A55A745DE0C99454B73F2A35FF84DE26F116AE6FB5BBB9BC41723A4F7177E61FC379CD6CE8FF09F57B992383CB8ED94900283BD8FD157AFE75FA5377E12D0F5090C975A369F72E7AB4D6B1B9FCC8A9EC341D334A39B2D3AD2CCFF00D3BC0A9FC857AEB38AF08F2C2297C8E77878B776CF97BE0EFECB72C6D1DDEAD1496568705DA518B89C7A01FC0BF5E7EBD6BEA8B0B1B7D32CE1B4B48560B6850247120C0551D0558A2BC7AB5675A5CF51DD9D118A8AB20A28A2B12828A28A0028A28A0028A28A0028A28A00FFD9);
INSERT INTO `stu` VALUES ('1', '顺子', '1');
INSERT INTO `stu` VALUES ('3', 'lishunli', '5');
INSERT INTO `stu` VALUES ('4', 'mz', '5');
INSERT INTO `stu` VALUES ('5', '李顺利', '6');
INSERT INTO `stu` VALUES ('6', 'mz', '6');
INSERT INTO `stu` VALUES ('7', '木子', '7');
INSERT INTO `stu` VALUES ('8', '李顺利', '7');
INSERT INTO `stu` VALUES ('9', '木子2', '8');
INSERT INTO `stu` VALUES ('10', '李顺利2', '8');
INSERT INTO `student` VALUES ('45', 'mz2');
INSERT INTO `student` VALUES ('46', 'mz1');
INSERT INTO `student` VALUES ('47', 'mz2');
INSERT INTO `student` VALUES ('48', 'mz1');
INSERT INTO `student` VALUES ('49', 'mz1');
INSERT INTO `student` VALUES ('50', 'mz2');
INSERT INTO `student` VALUES ('51', 'mz2');
INSERT INTO `student` VALUES ('52', '木子1');
INSERT INTO `teacher` VALUES ('45', 'li1');
INSERT INTO `teacher` VALUES ('46', 'li2');
INSERT INTO `teacher` VALUES ('47', 'li2');
INSERT INTO `teacher` VALUES ('48', 'li1');
INSERT INTO `teacher` VALUES ('49', 'li2');
INSERT INTO `teacher` VALUES ('50', 'li1');
INSERT INTO `teacher` VALUES ('51', 'li1');
INSERT INTO `teacher` VALUES ('52', 'li2');
INSERT INTO `teacher_student` VALUES ('45', '46');
INSERT INTO `teacher_student` VALUES ('45', '45');
INSERT INTO `teacher_student` VALUES ('46', '46');
INSERT INTO `teacher_student` VALUES ('46', '45');
INSERT INTO `teacher_student` VALUES ('47', '47');
INSERT INTO `teacher_student` VALUES ('47', '48');
INSERT INTO `teacher_student` VALUES ('48', '47');
INSERT INTO `teacher_student` VALUES ('48', '48');
INSERT INTO `teacher_student` VALUES ('49', '49');
INSERT INTO `teacher_student` VALUES ('49', '50');
INSERT INTO `teacher_student` VALUES ('50', '49');
INSERT INTO `teacher_student` VALUES ('50', '50');
INSERT INTO `teacher_student` VALUES ('51', '52');
INSERT INTO `teacher_student` VALUES ('51', '51');
INSERT INTO `teacher_student` VALUES ('52', '52');
INSERT INTO `teacher_student` VALUES ('52', '51');
INSERT INTO `tp` VALUES ('4', '数码相机0', '1200');
INSERT INTO `tp` VALUES ('5', '数码相机1', '2400');
INSERT INTO `tp` VALUES ('6', '数码相机2', '3600');
INSERT INTO `tp` VALUES ('7', '数码相机3', '1200');
INSERT INTO `tp` VALUES ('8', '数码相机4', '2400');
INSERT INTO `tp` VALUES ('9', '数码相机5', '3600');
INSERT INTO `tp` VALUES ('10', '数码相机6', '1200');
INSERT INTO `tp` VALUES ('11', '数码相机7', '2400');
INSERT INTO `tp` VALUES ('12', '数码相机8', '3600');
INSERT INTO `tp` VALUES ('19', '数码相机9', '1200');
INSERT INTO `tp` VALUES ('20', '数码相机10', '2400');
INSERT INTO `tp` VALUES ('21', '数码相机11', '3600');
INSERT INTO `tp` VALUES ('22', '数码相机12', '1200');
INSERT INTO `tp` VALUES ('23', '数码相机13', '2400');
INSERT INTO `tp` VALUES ('24', '数码相机14', '3600');
INSERT INTO `tp` VALUES ('25', '数码相机15', '1200');
INSERT INTO `tp` VALUES ('26', '数码相机16', '2400');
INSERT INTO `tp` VALUES ('27', '数码相机17', '3600');
INSERT INTO `users` VALUES ('1', '???', 'lishunli');
INSERT INTO `users` VALUES ('2', '???', 'lishunli');
INSERT INTO `users` VALUES ('3', 'd', 'lishunli');
INSERT INTO `users` VALUES ('4', '???', 'lishunli');
INSERT INTO `users` VALUES ('5', '李顺利', 'lishunli');
INSERT INTO `users` VALUES ('6', '李顺利', 'lishunli');
INSERT INTO `users` VALUES ('7', '李顺利', 'lishunli');
INSERT INTO `users` VALUES ('8', '李顺利', 'lishunli');
INSERT INTO `users` VALUES ('9', '李顺利', 'li');
INSERT INTO `users` VALUES ('10', '李顺利', 'lishunli');
INSERT INTO `users` VALUES ('11', 'a', 'a');
INSERT INTO `users` VALUES ('12', 'b', 'b');
INSERT INTO `users` VALUES ('13', 'c', 'c');
INSERT INTO `users` VALUES ('14', 'aa', 'aa');
